Event Time, Symbol, Aggregate Trade ID, Price, Quantity, First Trade ID, Trade Time, Is Buyer Maker
1739158342421, WIFUSDT,297488415,0.6471,76084.9,1739158342386,True
1739158565243, WIFUSDT,297491619,0.661,35882.9,1739158565236,True
1739158566264, WIFUSDT, 0.6606, 15.4, 22:36:06, True
1739158566412, WIFUSDT, 0.6605, 618.8, 22:36:06, True
1739158566498, WIFUSDT, 0.6605, 18.0, 22:36:06, False
1739158566642, WIFUSDT, 0.6605, 359.8, 22:36:06, False
1739158566651, WIFUSDT, 0.6606, 395.3, 22:36:06, False
1739158566666, WIFUSDT, 0.6607, 4738.8, 22:36:06, False
1739158566700, WIFUSDT, 0.6607, 302.2, 22:36:06, True
1739158566942, WIFUSDT, 0.6608, 2229.4, 22:36:06, False
1739158566959, WIFUSDT, 0.6609, 1323.8, 22:36:06, False
1739158567062, WIFUSDT, 0.6609, 25.0, 22:36:07, True
1739158567082, WIFUSDT, 0.6609, 705.9, 22:36:07, False
1739158567126, WIFUSDT, 0.661, 3122.2, 22:36:07, False
1739158567135, WIFUSDT, 0.6611, 3960.7, 22:36:07, False
1739158567247, WIFUSDT, 0.6612, 3610.0, 22:36:07, False
1739158567319, WIFUSDT, 0.6612, 120.0, 22:36:07, True
1739158567433, WIFUSDT, 0.6612, 1000.0, 22:36:07, True
1739158567881, WIFUSDT, 0.6613, 3313.2, 22:36:07, False
1739158567888, WIFUSDT, 0.6614, 6769.7, 22:36:07, False
1739158567941, WIFUSDT, 0.6614, 411.4, 22:36:07, True
1739158568001, WIFUSDT, 0.6613, 1115.0, 22:36:08, True
1739158568010, WIFUSDT, 0.6612, 1512.3, 22:36:08, True
1739158568075, WIFUSDT, 0.6612, 2.1, 22:36:08, False
1739158568376, WIFUSDT, 0.6611, 1499.9, 22:36:08, True
1739158568486, WIFUSDT, 0.6611, 9.0, 22:36:08, True
1739158568565, WIFUSDT, 0.6612, 7.8, 22:36:08, False
1739158568768, WIFUSDT, 0.6611, 1146.1, 22:36:08, True
1739158568777, WIFUSDT, 0.661, 2943.8, 22:36:08, True
1739158568864, WIFUSDT, 0.6609, 5985.5, 22:36:08, True
1739158568941, WIFUSDT, 0.6609, 1706.9, 22:36:08, False
1739158568958, WIFUSDT, 0.661, 220.9, 22:36:08, False
1739158569086, WIFUSDT, 0.661, 1864.0, 22:36:09, True
1739158569159, WIFUSDT, 0.6609, 923.8, 22:36:09, True
1739158569321, WIFUSDT, 0.661, 315.2, 22:36:09, False
1739158569321, WIFUSDT, 0.6611, 7382.2, 22:36:09, False
1739158569348, WIFUSDT, 0.6612, 1372.5, 22:36:09, False
1739158569350, WIFUSDT, 0.6611, 300.0, 22:36:09, False
1739158569350, WIFUSDT, 0.6612, 993.5, 22:36:09, False
1739158569371, WIFUSDT, 0.6611, 120.0, 22:36:09, True
1739158569397, WIFUSDT, 0.6612, 2432.3, 22:36:09, False
1739158569424, WIFUSDT, 0.6613, 38.7, 22:36:09, False
1739158569436, WIFUSDT, 0.6613, 44.6, 22:36:09, True
1739158569477, WIFUSDT, 0.6614, 7509.0, 22:36:09, False
1739158569489, WIFUSDT, 0.6614, 1506.7, 22:36:09, True
1739158569491, WIFUSDT, 0.6615, 3025.0, 22:36:09, False
1739158569501, WIFUSDT, 0.6614, 5703.3, 22:36:09, False
1739158569501, WIFUSDT, 0.6615, 6870.5, 22:36:09, False
1739158569565, WIFUSDT, 0.6615, 4092.7, 22:36:09, True
1739158569588, WIFUSDT, 0.6616, 1418.0, 22:36:09, False
1739158569599, WIFUSDT, 0.6617, 3662.0, 22:36:09, False
1739158569602, WIFUSDT, 0.6617, 2282.6, 22:36:09, True
1739158569602, WIFUSDT, 0.6616, 2244.0, 22:36:09, True
1739158569619, WIFUSDT, 0.6618, 528.7, 22:36:09, False
1739158569797, WIFUSDT, 0.6618, 393.6, 22:36:09, False
1739158569835, WIFUSDT, 0.6617, 306.8, 22:36:09, True
1739158569986, WIFUSDT, 0.6617, 32.4, 22:36:09, True
1739158570065, WIFUSDT, 0.6618, 275.5, 22:36:10, False
1739158570223, WIFUSDT, 0.6617, 192.1, 22:36:10, True
1739158570235, WIFUSDT, 0.6616, 8.2, 22:36:10, True
1739158570235, WIFUSDT, 0.6615, 6805.5, 22:36:10, True
1739158570279, WIFUSDT, 0.6616, 214.8, 22:36:10, False
1739158570355, WIFUSDT, 0.6615, 83671.7, 22:36:10, True
1739158570512, WIFUSDT,297491695,0.6615,83671.7,1739158570355,True
1739158570574, WIFUSDT, 0.6614, 60.6, 22:36:10, True
1739158570604, WIFUSDT, 0.6615, 2599.8, 22:36:10, False
1739158570651, WIFUSDT, 0.6615, 30.9, 22:36:10, True
1739158570737, WIFUSDT, 0.6616, 1531.7, 22:36:10, False
1739158570764, WIFUSDT, 0.6617, 88.2, 22:36:10, True
1739158570813, WIFUSDT, 0.6618, 2963.4, 22:36:10, False
1739158570896, WIFUSDT, 0.6619, 882.7, 22:36:10, False
1739158570921, WIFUSDT, 0.6619, 6475.8, 22:36:10, True
1739158571013, WIFUSDT, 0.6617, 509.6, 22:36:11, True
1739158571033, WIFUSDT, 0.6616, 4330.8, 22:36:11, True
1739158571056, WIFUSDT, 0.6615, 205.7, 22:36:11, True
1739158571059, WIFUSDT, 0.6616, 9677.8, 22:36:11, False
1739158571059, WIFUSDT, 0.6617, 3927.6, 22:36:11, False
1739158571067, WIFUSDT, 0.6615, 12.6, 22:36:11, True
1739158571226, WIFUSDT, 0.6615, 543.8, 22:36:11, True
1739158571293, WIFUSDT, 0.6615, 18.2, 22:36:11, False
1739158571332, WIFUSDT, 0.6614, 43.0, 22:36:11, True
1739158571638, WIFUSDT, 0.6614, 5.5, 22:36:11, False
1739158571645, WIFUSDT, 0.6613, 45.9, 22:36:11, True
1739158571713, WIFUSDT, 0.6613, 2089.7, 22:36:11, False
1739158571803, WIFUSDT, 0.6614, 15.2, 22:36:11, False
1739158571853, WIFUSDT, 0.6614, 19.9, 22:36:11, True
1739158571882, WIFUSDT, 0.6615, 30.6, 22:36:11, False
1739158572052, WIFUSDT, 0.6615, 1279.4, 22:36:12, True
1739158572143, WIFUSDT, 0.6614, 3206.6, 22:36:12, True
1739158572261, WIFUSDT, 0.6614, 1469.4, 22:36:12, False
1739158572412, WIFUSDT, 0.6613, 558.2, 22:36:12, True
1739158572427, WIFUSDT, 0.6612, 2342.7, 22:36:12, True
1739158572622, WIFUSDT, 0.6611, 78.7, 22:36:12, True
1739158572683, WIFUSDT, 0.6611, 335.3, 22:36:12, False
1739158572848, WIFUSDT, 0.6611, 1621.8, 22:36:12, False
1739158572930, WIFUSDT, 0.6612, 23.4, 22:36:12, False
1739158572978, WIFUSDT, 0.6613, 15.2, 22:36:12, False
1739158573010, WIFUSDT, 0.6614, 3870.1, 22:36:13, False
1739158573018, WIFUSDT, 0.6615, 3094.0, 22:36:13, False
1739158573338, WIFUSDT, 0.6615, 46.1, 22:36:13, True
1739158573380, WIFUSDT, 0.6616, 2510.9, 22:36:13, False
1739158573456, WIFUSDT, 0.6617, 1948.0, 22:36:13, False
1739158573521, WIFUSDT, 0.6618, 1796.1, 22:36:13, False
1739158573674, WIFUSDT, 0.6619, 196.5, 22:36:13, False
1739158573691, WIFUSDT, 0.6618, 1.7, 22:36:13, True
1739158573931, WIFUSDT, 0.6619, 53.5, 22:36:13, False
1739158573955, WIFUSDT, 0.6618, 2479.5, 22:36:13, True
1739158573969, WIFUSDT, 0.6619, 3963.2, 22:36:13, False
1739158573969, WIFUSDT, 0.662, 5172.5, 22:36:13, False
1739158573969, WIFUSDT, 0.6621, 3096.7, 22:36:13, False
1739158573971, WIFUSDT, 0.6622, 9.1, 22:36:13, False
1739158573974, WIFUSDT, 0.6621, 38.0, 22:36:13, True
1739158573974, WIFUSDT, 0.6622, 37.9, 22:36:13, False
1739158574086, WIFUSDT, 0.6621, 693.3, 22:36:14, True
1739158574095, WIFUSDT, 0.662, 5525.7, 22:36:14, True
1739158574184, WIFUSDT, 0.6619, 15.2, 22:36:14, True
1739158574280, WIFUSDT, 0.6618, 351.6, 22:36:14, True
1739158574280, WIFUSDT, 0.6617, 635.9, 22:36:14, True
1739158574381, WIFUSDT, 0.6617, 71.3, 22:36:14, True
1739158574386, WIFUSDT, 0.6616, 2377.1, 22:36:14, True
1739158574387, WIFUSDT, 0.6615, 2610.4, 22:36:14, True
1739158574497, WIFUSDT, 0.6615, 242.7, 22:36:14, False
1739158574537, WIFUSDT, 0.6616, 1899.7, 22:36:14, False
1739158574608, WIFUSDT, 0.6617, 549.0, 22:36:14, False
1739158574670, WIFUSDT, 0.6617, 1807.0, 22:36:14, True
1739158574766, WIFUSDT, 0.6618, 162.9, 22:36:14, False
1739158574898, WIFUSDT, 0.6617, 352.0, 22:36:14, True
1739158574916, WIFUSDT, 0.6616, 15.2, 22:36:14, True
1739158574923, WIFUSDT, 0.6615, 923.4, 22:36:14, True
1739158575031, WIFUSDT, 0.6616, 95.7, 22:36:15, False
1739158575104, WIFUSDT, 0.6615, 43.4, 22:36:15, True
1739158575218, WIFUSDT, 0.6614, 549.1, 22:36:15, True
1739158575362, WIFUSDT, 0.6613, 55.6, 22:36:15, True
1739158575396, WIFUSDT, 0.6612, 297.1, 22:36:15, True
1739158575428, WIFUSDT, 0.6611, 923.4, 22:36:15, True
1739158575440, WIFUSDT, 0.6612, 151.0, 22:36:15, False
1739158575458, WIFUSDT, 0.6611, 5881.1, 22:36:15, True
1739158575545, WIFUSDT, 0.661, 320.0, 22:36:15, True
1739158575618, WIFUSDT, 0.6611, 489.4, 22:36:15, False
1739158575621, WIFUSDT, 0.6612, 2834.9, 22:36:15, False
1739158575664, WIFUSDT, 0.6613, 779.5, 22:36:15, False
1739158575790, WIFUSDT, 0.6613, 457.3, 22:36:15, True
1739158575854, WIFUSDT, 0.6612, 425.4, 22:36:15, True
1739158575893, WIFUSDT, 0.6611, 923.4, 22:36:15, True
1739158575949, WIFUSDT, 0.661, 2117.3, 22:36:15, True
1739158576106, WIFUSDT, 0.661, 176.1, 22:36:16, False
1739158576106, WIFUSDT, 0.6611, 93.9, 22:36:16, False
1739158576208, WIFUSDT, 0.6611, 165.4, 22:36:16, False
1739158576644, WIFUSDT, 0.661, 492.9, 22:36:16, True
1739158576644, WIFUSDT, 0.6609, 6187.4, 22:36:16, True
1739158576706, WIFUSDT, 0.6608, 3514.4, 22:36:16, True
1739158576815, WIFUSDT, 0.6607, 1270.9, 22:36:16, True
1739158577043, WIFUSDT, 0.6606, 322.2, 22:36:17, True
1739158577043, WIFUSDT, 0.6605, 3400.0, 22:36:17, True
1739158577125, WIFUSDT, 0.6604, 36.2, 22:36:17, True
1739158577234, WIFUSDT, 0.6605, 2067.1, 22:36:17, False
1739158577241, WIFUSDT, 0.6606, 6302.3, 22:36:17, False
1739158577262, WIFUSDT, 0.6607, 1823.8, 22:36:17, False
1739158577385, WIFUSDT, 0.6607, 2359.4, 22:36:17, False
1739158577660, WIFUSDT, 0.6608, 2767.5, 22:36:17, False
1739158577686, WIFUSDT, 0.6609, 3103.7, 22:36:17, False
1739158577816, WIFUSDT, 0.661, 481.0, 22:36:17, False
1739158577928, WIFUSDT, 0.661, 2639.2, 22:36:17, True
1739158577944, WIFUSDT, 0.6609, 401.5, 22:36:17, True
1739158578063, WIFUSDT, 0.6608, 6800.2, 22:36:18, True
1739158578071, WIFUSDT, 0.6607, 36.7, 22:36:18, True
1739158578226, WIFUSDT, 0.6608, 1436.7, 22:36:18, False
1739158578284, WIFUSDT, 0.6607, 1514.3, 22:36:18, True
1739158578292, WIFUSDT, 0.6607, 18.2, 22:36:18, False
1739158578300, WIFUSDT, 0.6606, 205.7, 22:36:18, True
1739158578405, WIFUSDT, 0.6606, 122.2, 22:36:18, True
1739158578578, WIFUSDT, 0.6606, 2771.9, 22:36:18, True
1739158578616, WIFUSDT, 0.6605, 179.1, 22:36:18, True
1739158578658, WIFUSDT, 0.6605, 4726.5, 22:36:18, False
1739158578799, WIFUSDT, 0.6606, 4593.0, 22:36:18, False
1739158578799, WIFUSDT, 0.6607, 165.2, 22:36:18, False
1739158578808, WIFUSDT, 0.6606, 100.0, 22:36:18, True
1739158578808, WIFUSDT, 0.6605, 2047.4, 22:36:18, True
1739158578876, WIFUSDT, 0.6606, 4724.0, 22:36:18, False
1739158578898, WIFUSDT, 0.6605, 8878.1, 22:36:18, True
1739158579033, WIFUSDT, 0.6604, 406.3, 22:36:19, True
1739158579477, WIFUSDT, 0.6604, 13857.7, 22:36:19, False
1739158579578, WIFUSDT, 0.6605, 3826.8, 22:36:19, False
1739158579690, WIFUSDT, 0.6604, 796.7, 22:36:19, True
1739158579828, WIFUSDT, 0.6603, 1.3, 22:36:19, True
1739158579887, WIFUSDT, 0.6604, 482.4, 22:36:19, False
1739158580041, WIFUSDT, 0.6603, 18984.1, 22:36:20, True
1739158580120, WIFUSDT, 0.6602, 12.6, 22:36:20, True
1739158580174, WIFUSDT, 0.6601, 1240.3, 22:36:20, True
1739158580270, WIFUSDT, 0.6602, 1210.6, 22:36:20, False
1739158580466, WIFUSDT, 0.6603, 0.5, 22:36:20, False
1739158580593, WIFUSDT, 0.6601, 3067.1, 22:36:20, True
1739158580624, WIFUSDT, 0.6601, 3.2, 22:36:20, False
1739158580705, WIFUSDT, 0.66, 7930.8, 22:36:20, True
1739158580781, WIFUSDT, 0.6599, 52.2, 22:36:20, True
1739158580781, WIFUSDT, 0.6598, 179.8, 22:36:20, True
1739158580856, WIFUSDT, 0.6599, 960.8, 22:36:20, True
1739158580976, WIFUSDT, 0.6598, 786.9, 22:36:20, True
1739158581050, WIFUSDT, 0.6597, 1950.8, 22:36:21, True
1739158581383, WIFUSDT, 0.6597, 7266.9, 22:36:21, False
1739158581390, WIFUSDT, 0.6598, 2542.7, 22:36:21, False
1739158581407, WIFUSDT, 0.6599, 2451.2, 22:36:21, False
1739158581442, WIFUSDT, 0.66, 1.7, 22:36:21, False
1739158581508, WIFUSDT, 0.6599, 1189.8, 22:36:21, True
1739158581547, WIFUSDT, 0.66, 2924.9, 22:36:21, False
1739158581626, WIFUSDT, 0.66, 11379.5, 22:36:21, True
1739158581626, WIFUSDT, 0.6599, 7603.7, 22:36:21, True
1739158581629, WIFUSDT, 0.6601, 1627.1, 22:36:21, False
1739158581813, WIFUSDT, 0.6601, 739.3, 22:36:21, True
1739158582003, WIFUSDT, 0.6601, 3.5, 22:36:22, False
1739158582030, WIFUSDT, 0.66, 15.2, 22:36:22, True
1739158582030, WIFUSDT, 0.6599, 4350.3, 22:36:22, True
1739158582030, WIFUSDT, 0.6598, 11190.2, 22:36:22, True
1739158582065, WIFUSDT, 0.6599, 167.3, 22:36:22, True
1739158582226, WIFUSDT, 0.6598, 51.5, 22:36:22, True
1739158582329, WIFUSDT, 0.6598, 2166.8, 22:36:22, True
1739158582535, WIFUSDT, 0.6598, 297.3, 22:36:22, True
1739158582535, WIFUSDT, 0.6597, 10467.8, 22:36:22, True
1739158582553, WIFUSDT, 0.6596, 27.8, 22:36:22, True
1739158582762, WIFUSDT, 0.6595, 2472.5, 22:36:22, True
1739158582958, WIFUSDT, 0.6595, 711.0, 22:36:22, True
1739158583000, WIFUSDT, 0.6594, 7796.4, 22:36:23, True
1739158583122, WIFUSDT, 0.6593, 1099.9, 22:36:23, True
1739158583280, WIFUSDT, 0.6593, 713.8, 22:36:23, False
1739158583287, WIFUSDT, 0.6594, 1133.3, 22:36:23, False
1739158583287, WIFUSDT, 0.6595, 3220.2, 22:36:23, False
1739158583370, WIFUSDT, 0.6596, 5914.4, 22:36:23, False
1739158583406, WIFUSDT, 0.6596, 954.1, 22:36:23, True
1739158583418, WIFUSDT, 0.6597, 297.9, 22:36:23, False
1739158583486, WIFUSDT, 0.6598, 7537.2, 22:36:23, False
1739158583592, WIFUSDT, 0.6597, 4219.6, 22:36:23, True
1739158583619, WIFUSDT, 0.6599, 2.2, 22:36:23, False
1739158583643, WIFUSDT, 0.6597, 649.2, 22:36:23, True
1739158583853, WIFUSDT, 0.6598, 266.2, 22:36:23, False
1739158583884, WIFUSDT, 0.6598, 192.8, 22:36:23, True
1739158584056, WIFUSDT, 0.6598, 106.1, 22:36:24, True
1739158584105, WIFUSDT, 0.6599, 1992.9, 22:36:24, False
1739158584175, WIFUSDT, 0.66, 14.6, 22:36:24, False
1739158584176, WIFUSDT, 0.6599, 565.4, 22:36:24, True
1739158584176, WIFUSDT, 0.6598, 15654.4, 22:36:24, True
1739158584176, WIFUSDT, 0.6597, 16160.9, 22:36:24, True
1739158584432, WIFUSDT, 0.6596, 9849.9, 22:36:24, True
1739158584501, WIFUSDT, 0.6595, 240.0, 22:36:24, True
1739158584722, WIFUSDT, 0.6594, 57.0, 22:36:24, True
1739158584724, WIFUSDT, 0.6593, 8549.9, 22:36:24, True
1739158584891, WIFUSDT, 0.6592, 429.8, 22:36:24, True
1739158584918, WIFUSDT, 0.6591, 1144.4, 22:36:24, True
1739158584982, WIFUSDT, 0.6591, 1.9, 22:36:24, False
1739158585138, WIFUSDT, 0.6591, 1142.2, 22:36:25, False
1739158585148, WIFUSDT, 0.6592, 1540.9, 22:36:25, False
1739158585178, WIFUSDT, 0.6593, 3625.2, 22:36:25, False
1739158585484, WIFUSDT, 0.6594, 3463.1, 22:36:25, False
1739158585690, WIFUSDT, 0.6595, 1563.1, 22:36:25, False
1739158585696, WIFUSDT, 0.6596, 1839.3, 22:36:25, False
1739158585825, WIFUSDT, 0.6596, 1266.7, 22:36:25, True
1739158585902, WIFUSDT, 0.6595, 5451.2, 22:36:25, True
1739158585937, WIFUSDT, 0.6594, 106.1, 22:36:25, True
1739158586138, WIFUSDT,297491889,0.6593,47271.1,1739158586033,True
1739158586033, WIFUSDT, 0.6593, 47271.1, 22:36:26, True
1739158586135, WIFUSDT, 0.6593, 670.4, 22:36:26, False
1739158586142, WIFUSDT, 0.6594, 452.5, 22:36:26, False
1739158586151, WIFUSDT, 0.6595, 1956.9, 22:36:26, False
1739158586212, WIFUSDT, 0.6595, 2500.0, 22:36:26, True
1739158586325, WIFUSDT, 0.6595, 7062.2, 22:36:26, True
1739158586325, WIFUSDT, 0.6594, 5780.2, 22:36:26, True
1739158586325, WIFUSDT, 0.6593, 1657.6, 22:36:26, True
1739158586357, WIFUSDT, 0.6594, 728.1, 22:36:26, False
1739158586384, WIFUSDT, 0.6595, 956.0, 22:36:26, False
1739158586439, WIFUSDT, 0.6596, 1334.0, 22:36:26, False
1739158586767, WIFUSDT, 0.6596, 1.9, 22:36:26, False
1739158586907, WIFUSDT, 0.6595, 5935.6, 22:36:26, True
1739158586926, WIFUSDT, 0.6594, 1379.9, 22:36:26, True
1739158586978, WIFUSDT, 0.6593, 65.1, 22:36:26, True
1739158587204, WIFUSDT, 0.6592, 587.2, 22:36:27, True
1739158587222, WIFUSDT, 0.6591, 1283.9, 22:36:27, True
1739158587291, WIFUSDT, 0.659, 1026.8, 22:36:27, True
1739158587417, WIFUSDT, 0.6589, 2375.7, 22:36:27, True
1739158587417, WIFUSDT, 0.6588, 597.5, 22:36:27, True
1739158587485, WIFUSDT, 0.6589, 2074.5, 22:36:27, False
1739158587491, WIFUSDT, 0.659, 745.9, 22:36:27, False
1739158587693, WIFUSDT, 0.6591, 23.2, 22:36:27, False
1739158587695, WIFUSDT, 0.6592, 9689.0, 22:36:27, False
1739158587699, WIFUSDT, 0.6593, 2173.8, 22:36:27, False
1739158587764, WIFUSDT, 0.6593, 869.6, 22:36:27, True
1739158587779, WIFUSDT, 0.6592, 787.1, 22:36:27, True
1739158587794, WIFUSDT, 0.6591, 4765.0, 22:36:27, True
1739158587912, WIFUSDT, 0.659, 1025.8, 22:36:27, True
1739158587953, WIFUSDT, 0.659, 1.9, 22:36:27, False
1739158588093, WIFUSDT, 0.6588, 531.2, 22:36:28, True
1739158588214, WIFUSDT, 0.6589, 20.2, 22:36:28, False
1739158588776, WIFUSDT, 0.6589, 1229.7, 22:36:28, False
1739158589070, WIFUSDT, 0.6589, 2066.3, 22:36:29, True
1739158589113, WIFUSDT, 0.6588, 7160.2, 22:36:29, True
1739158589389, WIFUSDT, 0.6589, 6.3, 22:36:29, False
1739158589519, WIFUSDT, 0.6589, 2.1, 22:36:29, False
1739158589629, WIFUSDT, 0.6588, 3773.1, 22:36:29, True
1739158589764, WIFUSDT, 0.6588, 66.8, 22:36:29, True
1739158589935, WIFUSDT, 0.6589, 564.1, 22:36:29, False
1739158590042, WIFUSDT, 0.6589, 40.1, 22:36:30, True
1739158590068, WIFUSDT, 0.6589, 495.7, 22:36:30, False
1739158590102, WIFUSDT, 0.6589, 33.6, 22:36:30, True
1739158590221, WIFUSDT, 0.659, 656.9, 22:36:30, False
1739158590851, WIFUSDT, 0.6589, 26.7, 22:36:30, True
1739158591101, WIFUSDT, 0.6589, 624.0, 22:36:31, True
1739158591183, WIFUSDT, 0.6589, 1086.6, 22:36:31, False
1739158591198, WIFUSDT, 0.659, 1672.1, 22:36:31, False
1739158591424, WIFUSDT, 0.659, 567.4, 22:36:31, True
1739158591452, WIFUSDT, 0.6589, 1274.3, 22:36:31, True
1739158591469, WIFUSDT, 0.6588, 1517.4, 22:36:31, True
1739158591638, WIFUSDT, 0.6589, 273.3, 22:36:31, True
1739158591747, WIFUSDT, 0.6589, 62.0, 22:36:31, True
1739158591974, WIFUSDT, 0.6588, 15.2, 22:36:31, True
1739158591977, WIFUSDT, 0.6587, 2935.9, 22:36:31, True
1739158592231, WIFUSDT, 0.6586, 135.0, 22:36:32, True
1739158592275, WIFUSDT, 0.6585, 6019.8, 22:36:32, True
1739158592276, WIFUSDT, 0.6584, 44.8, 22:36:32, True
1739158592278, WIFUSDT, 0.6583, 22.6, 22:36:32, True
1739158592423, WIFUSDT, 0.6583, 909.4, 22:36:32, True
1739158592676, WIFUSDT, 0.6582, 316.7, 22:36:32, True
1739158592676, WIFUSDT, 0.6581, 960.2, 22:36:32, True
1739158592699, WIFUSDT, 0.6582, 9917.3, 22:36:32, False
1739158592703, WIFUSDT, 0.6583, 7983.6, 22:36:32, False
1739158593115, WIFUSDT, 0.6583, 381.9, 22:36:33, True
1739158593145, WIFUSDT, 0.6584, 3195.7, 22:36:33, False
1739158593209, WIFUSDT, 0.6585, 2547.1, 22:36:33, False
1739158593261, WIFUSDT, 0.6584, 868.1, 22:36:33, False
1739158593360, WIFUSDT, 0.6585, 327.4, 22:36:33, False
1739158593415, WIFUSDT, 0.6584, 2561.3, 22:36:33, True
1739158593465, WIFUSDT, 0.6583, 5959.2, 22:36:33, True
1739158593580, WIFUSDT, 0.6582, 204.6, 22:36:33, True
1739158593628, WIFUSDT, 0.6582, 29.8, 22:36:33, False
1739158593672, WIFUSDT, 0.6581, 1490.9, 22:36:33, True
1739158593750, WIFUSDT, 0.6581, 566.5, 22:36:33, False
1739158593988, WIFUSDT, 0.6581, 1001.9, 22:36:33, True
1739158593988, WIFUSDT, 0.658, 248.1, 22:36:33, True
1739158594032, WIFUSDT, 0.6581, 61.4, 22:36:34, False
1739158594181, WIFUSDT, 0.658, 774.6, 22:36:34, True
1739158594401, WIFUSDT, 0.6579, 264.1, 22:36:34, True
1739158594482, WIFUSDT, 0.658, 1428.7, 22:36:34, False
1739158594488, WIFUSDT, 0.6579, 200.0, 22:36:34, True
1739158594600, WIFUSDT, 0.6579, 5841.4, 22:36:34, True
1739158594693, WIFUSDT, 0.6578, 1429.3, 22:36:34, True
1739158594693, WIFUSDT, 0.6577, 2615.3, 22:36:34, True
1739158594693, WIFUSDT, 0.6576, 7063.0, 22:36:34, True
1739158594768, WIFUSDT, 0.6578, 31.9, 22:36:34, False
1739158594813, WIFUSDT, 0.6577, 1191.2, 22:36:34, True
1739158594836, WIFUSDT, 0.6577, 447.8, 22:36:34, False
1739158594938, WIFUSDT, 0.6576, 102.0, 22:36:34, True
1739158594962, WIFUSDT, 0.6576, 1947.0, 22:36:34, False
1739158594964, WIFUSDT, 0.6577, 7977.0, 22:36:34, False
1739158595056, WIFUSDT, 0.6578, 3461.7, 22:36:35, False
1739158595095, WIFUSDT, 0.6579, 3356.4, 22:36:35, False
1739158595123, WIFUSDT, 0.658, 2272.0, 22:36:35, False
1739158595159, WIFUSDT, 0.658, 38.7, 22:36:35, True
1739158595442, WIFUSDT, 0.658, 1808.1, 22:36:35, True
1739158595531, WIFUSDT, 0.6579, 235.0, 22:36:35, True
1739158595576, WIFUSDT, 0.658, 2411.3, 22:36:35, False
1739158595684, WIFUSDT, 0.6579, 1461.8, 22:36:35, True
1739158595720, WIFUSDT, 0.658, 661.1, 22:36:35, False
1739158595784, WIFUSDT, 0.658, 64.9, 22:36:35, True
1739158596001, WIFUSDT, 0.658, 519.8, 22:36:36, True
1739158596001, WIFUSDT, 0.6579, 1391.3, 22:36:36, True
1739158596104, WIFUSDT, 0.6579, 740.0, 22:36:36, True
1739158596114, WIFUSDT, 0.6578, 10123.2, 22:36:36, True
1739158596206, WIFUSDT, 0.6579, 1206.0, 22:36:36, False
1739158596208, WIFUSDT, 0.658, 1996.1, 22:36:36, False
1739158596212, WIFUSDT, 0.6581, 50.6, 22:36:36, False
1739158596295, WIFUSDT, 0.6582, 494.2, 22:36:36, False
1739158596297, WIFUSDT, 0.6583, 4107.0, 22:36:36, False
1739158596523, WIFUSDT, 0.6583, 1450.2, 22:36:36, True
1739158596623, WIFUSDT, 0.6582, 1139.4, 22:36:36, True
1739158596652, WIFUSDT, 0.6581, 888.4, 22:36:36, True
1739158596732, WIFUSDT, 0.6581, 1893.3, 22:36:36, False
1739158596825, WIFUSDT, 0.6582, 5516.8, 22:36:36, False
1739158596847, WIFUSDT, 0.6583, 2.0, 22:36:36, False
1739158596935, WIFUSDT, 0.6584, 1061.6, 22:36:36, False
1739158597288, WIFUSDT, 0.6584, 23.8, 22:36:37, True
1739158597288, WIFUSDT, 0.6583, 462.6, 22:36:37, True
1739158597383, WIFUSDT, 0.6584, 850.5, 22:36:37, False
1739158597562, WIFUSDT, 0.6585, 454.3, 22:36:37, False
1739158597585, WIFUSDT, 0.6586, 205.7, 22:36:37, False
1739158597614, WIFUSDT, 0.6586, 965.2, 22:36:37, True
1739158597636, WIFUSDT, 0.6586, 637.1, 22:36:37, False
1739158597677, WIFUSDT, 0.6587, 1258.3, 22:36:37, False
1739158597679, WIFUSDT, 0.6587, 154.0, 22:36:37, True
1739158597683, WIFUSDT, 0.6588, 4714.4, 22:36:37, False
1739158597690, WIFUSDT, 0.6588, 1459.8, 22:36:37, True
1739158597690, WIFUSDT, 0.6587, 3539.2, 22:36:37, True
1739158597790, WIFUSDT, 0.6588, 1054.4, 22:36:37, True
1739158597832, WIFUSDT, 0.6589, 1613.4, 22:36:37, False
1739158597832, WIFUSDT, 0.659, 1309.5, 22:36:37, False
1739158597832, WIFUSDT, 0.6591, 10401.0, 22:36:37, False
1739158597833, WIFUSDT, 0.6592, 16749.3, 22:36:37, False
1739158597837, WIFUSDT,297492025,0.6594,37074.6,1739158597833,False
1739158597833, WIFUSDT, 0.6594, 37074.6, 22:36:37, False
1739158597838, WIFUSDT,297492028,0.6597,23387.5,1739158597833,False
1739158597833, WIFUSDT, 0.6595, 18647.3, 22:36:37, False
1739158597833, WIFUSDT, 0.6596, 21203.8, 22:36:37, False
1739158597833, WIFUSDT, 0.6597, 23387.5, 22:36:37, False
1739158597833, WIFUSDT, 0.6598, 12398.4, 22:36:37, False
1739158597835, WIFUSDT, 0.6592, 15.4, 22:36:37, False
1739158597836, WIFUSDT, 0.6593, 379.4, 22:36:37, False
1739158597836, WIFUSDT, 0.6594, 446.0, 22:36:37, False
1739158597836, WIFUSDT, 0.6592, 34.3, 22:36:37, True
1739158597837, WIFUSDT, 0.6593, 1388.3, 22:36:37, False
1739158597838, WIFUSDT, 0.6594, 250.1, 22:36:37, False
1739158597838, WIFUSDT, 0.6595, 1929.6, 22:36:37, False
1739158597839, WIFUSDT, 0.6594, 15.4, 22:36:37, False
1739158597841, WIFUSDT, 0.6595, 473.8, 22:36:37, False
1739158597846, WIFUSDT, 0.6596, 997.1, 22:36:37, False
1739158597922, WIFUSDT, 0.6595, 428.1, 22:36:37, True
1739158597959, WIFUSDT, 0.6595, 4201.8, 22:36:37, False
1739158597959, WIFUSDT, 0.6596, 402.0, 22:36:37, False
1739158597971, WIFUSDT, 0.6596, 1387.3, 22:36:37, True
1739158597987, WIFUSDT, 0.6595, 128.5, 22:36:37, True
1739158597987, WIFUSDT, 0.6594, 5808.9, 22:36:37, True
1739158598018, WIFUSDT, 0.6595, 1782.5, 22:36:38, False
1739158598075, WIFUSDT, 0.6595, 2715.7, 22:36:38, True
1739158598100, WIFUSDT, 0.6594, 9346.9, 22:36:38, True
1739158598151, WIFUSDT, 0.6593, 2317.9, 22:36:38, True
1739158598154, WIFUSDT, 0.6592, 1962.7, 22:36:38, True
1739158598163, WIFUSDT, 0.6593, 2784.5, 22:36:38, False
1739158598230, WIFUSDT, 0.6594, 1357.1, 22:36:38, False
1739158598239, WIFUSDT, 0.6595, 2628.6, 22:36:38, False
1739158598268, WIFUSDT, 0.6596, 2201.0, 22:36:38, False
1739158598287, WIFUSDT, 0.6597, 454.0, 22:36:38, False
1739158598289, WIFUSDT, 0.6596, 1638.9, 22:36:38, True
1739158598333, WIFUSDT, 0.6596, 151.5, 22:36:38, False
1739158598341, WIFUSDT, 0.6596, 2940.7, 22:36:38, True
1739158598345, WIFUSDT, 0.6596, 684.0, 22:36:38, False
1739158598348, WIFUSDT, 0.6597, 4449.0, 22:36:38, False
1739158598372, WIFUSDT, 0.6597, 1509.7, 22:36:38, True
1739158598511, WIFUSDT, 0.6597, 1085.9, 22:36:38, False
1739158598522, WIFUSDT, 0.6598, 3100.7, 22:36:38, False
1739158598568, WIFUSDT, 0.6599, 1377.3, 22:36:38, False
1739158598594, WIFUSDT, 0.6599, 100.0, 22:36:38, True
1739158598624, WIFUSDT, 0.66, 3082.8, 22:36:38, False
1739158598659, WIFUSDT, 0.6601, 922.1, 22:36:38, False
1739158598679, WIFUSDT, 0.66, 13.4, 22:36:38, True
1739158598770, WIFUSDT, 0.6601, 3598.4, 22:36:38, False
1739158598774, WIFUSDT, 0.6602, 1727.1, 22:36:38, False
1739158598822, WIFUSDT, 0.6603, 1282.6, 22:36:38, False
1739158598906, WIFUSDT, 0.6603, 5964.8, 22:36:38, True
1739158599002, WIFUSDT, 0.6602, 3261.9, 22:36:39, True
1739158599007, WIFUSDT, 0.6601, 1382.9, 22:36:39, True
1739158599069, WIFUSDT, 0.66, 3254.1, 22:36:39, True
1739158599112, WIFUSDT, 0.6599, 15.4, 22:36:39, True
1739158599390, WIFUSDT, 0.6599, 49.5, 22:36:39, True
1739158599400, WIFUSDT, 0.6598, 2434.9, 22:36:39, True
1739158599502, WIFUSDT, 0.6597, 412.6, 22:36:39, True
1739158599545, WIFUSDT, 0.6597, 25.1, 22:36:39, False
1739158599548, WIFUSDT, 0.6598, 15.2, 22:36:39, False
1739158599574, WIFUSDT, 0.6598, 568.2, 22:36:39, True
1739158599659, WIFUSDT, 0.6597, 3470.1, 22:36:39, True
1739158599659, WIFUSDT, 0.6596, 4953.3, 22:36:39, True
1739158599685, WIFUSDT, 0.6597, 468.8, 22:36:39, False
1739158599722, WIFUSDT, 0.6597, 617.2, 22:36:39, True
1739158599920, WIFUSDT, 0.6598, 436.2, 22:36:39, False
1739158600015, WIFUSDT, 0.6597, 1626.3, 22:36:40, True
1739158600039, WIFUSDT, 0.6596, 1274.7, 22:36:40, True
1739158600049, WIFUSDT, 0.6595, 60.5, 22:36:40, True
1739158600062, WIFUSDT, 0.6594, 1819.3, 22:36:40, True
1739158600165, WIFUSDT, 0.6595, 120.3, 22:36:40, False
1739158600169, WIFUSDT, 0.6595, 5918.6, 22:36:40, True
1739158600172, WIFUSDT, 0.6594, 4565.7, 22:36:40, True
1739158600179, WIFUSDT, 0.6594, 423.9, 22:36:40, False
1739158600251, WIFUSDT, 0.6595, 980.8, 22:36:40, True
1739158600306, WIFUSDT, 0.6594, 121.2, 22:36:40, True
1739158600314, WIFUSDT, 0.6593, 1228.3, 22:36:40, True
1739158600402, WIFUSDT, 0.6594, 433.0, 22:36:40, False
1739158600406, WIFUSDT, 0.6595, 264.0, 22:36:40, False
1739158600443, WIFUSDT, 0.6595, 1597.2, 22:36:40, True
1739158600449, WIFUSDT, 0.6594, 15.2, 22:36:40, True
1739158600897, WIFUSDT, 0.6594, 25.1, 22:36:40, False
1739158601017, WIFUSDT, 0.6594, 180.6, 22:36:41, True
1739158601017, WIFUSDT, 0.6593, 3056.0, 22:36:41, True
1739158601019, WIFUSDT, 0.6595, 123.3, 22:36:41, False
1739158601170, WIFUSDT, 0.6593, 600.0, 22:36:41, False
1739158601174, WIFUSDT, 0.6594, 143.9, 22:36:41, False
1739158601221, WIFUSDT, 0.6594, 61.8, 22:36:41, True
1739158601363, WIFUSDT, 0.6594, 25.1, 22:36:41, False
1739158601380, WIFUSDT, 0.6595, 51.5, 22:36:41, False
1739158601397, WIFUSDT, 0.6595, 999.2, 22:36:41, True
1739158601401, WIFUSDT, 0.6594, 8.2, 22:36:41, True
1739158601524, WIFUSDT, 0.6593, 428.4, 22:36:41, True
1739158601617, WIFUSDT, 0.6594, 23.4, 22:36:41, False
1739158601638, WIFUSDT, 0.6595, 15.2, 22:36:41, False
1739158601696, WIFUSDT, 0.6596, 58.4, 22:36:41, False
1739158601718, WIFUSDT, 0.6596, 1075.3, 22:36:41, True
1739158601815, WIFUSDT, 0.6595, 15.2, 22:36:41, True
1739158601820, WIFUSDT, 0.6594, 40.3, 22:36:41, True
1739158601845, WIFUSDT, 0.6594, 878.8, 22:36:41, False
1739158601925, WIFUSDT, 0.6594, 1566.8, 22:36:41, True
1739158601931, WIFUSDT, 0.6593, 792.6, 22:36:41, True
1739158602011, WIFUSDT, 0.6592, 1540.1, 22:36:42, True
1739158602027, WIFUSDT, 0.6591, 48.2, 22:36:42, True
1739158602176, WIFUSDT, 0.6591, 2316.1, 22:36:42, False
1739158602220, WIFUSDT, 0.6592, 1247.0, 22:36:42, False
1739158602273, WIFUSDT, 0.6593, 1067.1, 22:36:42, False
1739158602289, WIFUSDT, 0.6594, 1826.4, 22:36:42, False
1739158602353, WIFUSDT, 0.6595, 163.3, 22:36:42, False
1739158602368, WIFUSDT, 0.6596, 5599.1, 22:36:42, False
1739158602490, WIFUSDT, 0.6596, 1085.9, 22:36:42, True
1739158602494, WIFUSDT, 0.6595, 3180.3, 22:36:42, True
1739158602685, WIFUSDT, 0.6596, 0.2, 22:36:42, False
1739158602693, WIFUSDT, 0.6595, 39.0, 22:36:42, True
1739158602725, WIFUSDT, 0.6594, 4411.6, 22:36:42, True
1739158602816, WIFUSDT, 0.6592, 508.9, 22:36:42, True
1739158602816, WIFUSDT, 0.6591, 1562.3, 22:36:42, True
1739158602840, WIFUSDT, 0.6592, 45.4, 22:36:42, False
1739158603019, WIFUSDT, 0.6591, 15.2, 22:36:43, True
1739158603030, WIFUSDT, 0.659, 1405.0, 22:36:43, True
1739158603123, WIFUSDT, 0.6589, 28.0, 22:36:43, True
1739158603136, WIFUSDT, 0.6588, 1397.9, 22:36:43, True
1739158603308, WIFUSDT, 0.6589, 15.2, 22:36:43, False
1739158603312, WIFUSDT, 0.659, 103.4, 22:36:43, False
1739158603312, WIFUSDT, 0.6591, 5109.0, 22:36:43, False
1739158603448, WIFUSDT, 0.6591, 43.0, 22:36:43, False
1739158603563, WIFUSDT, 0.6593, 3.1, 22:36:43, False
1739158603564, WIFUSDT, 0.6592, 7368.6, 22:36:43, True
1739158603710, WIFUSDT, 0.6592, 264.9, 22:36:43, False
1739158603731, WIFUSDT, 0.6593, 6048.2, 22:36:43, False
1739158603764, WIFUSDT, 0.6594, 6350.0, 22:36:43, False
1739158604022, WIFUSDT, 0.6594, 941.7, 22:36:44, True
1739158604094, WIFUSDT, 0.6593, 23.4, 22:36:44, True
1739158604155, WIFUSDT, 0.6592, 1624.5, 22:36:44, True
1739158604167, WIFUSDT, 0.6591, 2715.4, 22:36:44, True
1739158604242, WIFUSDT, 0.659, 1764.8, 22:36:44, True
1739158604371, WIFUSDT, 0.659, 823.3, 22:36:44, False
1739158604416, WIFUSDT, 0.6591, 23.4, 22:36:44, False
1739158604475, WIFUSDT, 0.6592, 1686.6, 22:36:44, False
1739158604580, WIFUSDT, 0.6592, 1099.6, 22:36:44, True
1739158604615, WIFUSDT, 0.6593, 15.2, 22:36:44, False
1739158604627, WIFUSDT, 0.6594, 1112.4, 22:36:44, False
1739158604700, WIFUSDT, 0.6595, 7.6, 22:36:44, False
1739158604835, WIFUSDT, 0.6596, 330.8, 22:36:44, False
1739158604844, WIFUSDT, 0.6595, 1126.3, 22:36:44, True
1739158604854, WIFUSDT, 0.6596, 25.1, 22:36:44, False
1739158604864, WIFUSDT, 0.6597, 1297.1, 22:36:44, False
1739158604898, WIFUSDT, 0.6597, 687.3, 22:36:44, True
1739158605047, WIFUSDT, 0.6599, 3.5, 22:36:45, False
1739158605316, WIFUSDT, 0.6598, 4593.2, 22:36:45, False
1739158605318, WIFUSDT, 0.6599, 1694.7, 22:36:45, False
1739158605342, WIFUSDT, 0.66, 291.5, 22:36:45, False
1739158605425, WIFUSDT, 0.6601, 2839.6, 22:36:45, False
1739158605529, WIFUSDT, 0.6602, 40.9, 22:36:45, False
1739158605538, WIFUSDT, 0.6601, 7074.9, 22:36:45, True
1739158605687, WIFUSDT, 0.6601, 3667.8, 22:36:45, False
1739158605766, WIFUSDT, 0.6601, 41.7, 22:36:45, True
1739158605809, WIFUSDT, 0.6602, 285.4, 22:36:45, False
1739158605917, WIFUSDT, 0.6603, 27.8, 22:36:45, False
1739158606026, WIFUSDT, 0.6603, 147.6, 22:36:46, True
1739158606148, WIFUSDT, 0.6604, 1117.3, 22:36:46, False
1739158606152, WIFUSDT, 0.6604, 4827.3, 22:36:46, True
1739158606152, WIFUSDT, 0.6603, 1888.3, 22:36:46, True
1739158606168, WIFUSDT, 0.6604, 25.0, 22:36:46, False
1739158606446, WIFUSDT, 0.6605, 1703.0, 22:36:46, False
1739158606557, WIFUSDT, 0.6606, 35.4, 22:36:46, False
1739158606560, WIFUSDT, 0.6607, 1480.8, 22:36:46, False
1739158606565, WIFUSDT, 0.6608, 5073.5, 22:36:46, False
1739158606660, WIFUSDT, 0.6609, 1692.7, 22:36:46, False
1739158606714, WIFUSDT, 0.661, 100.0, 22:36:46, False
1739158606816, WIFUSDT, 0.661, 2351.1, 22:36:46, False
1739158606822, WIFUSDT, 0.6611, 1513.9, 22:36:46, False
1739158607236, WIFUSDT, 0.6612, 729.4, 22:36:47, False
1739158607312, WIFUSDT, 0.6613, 3710.2, 22:36:47, False
1739158607367, WIFUSDT, 0.6614, 199.2, 22:36:47, False
1739158607484, WIFUSDT, 0.6614, 3064.4, 22:36:47, True
1739158607578, WIFUSDT, 0.6613, 2789.9, 22:36:47, True
1739158607606, WIFUSDT, 0.6613, 6748.6, 22:36:47, False
1739158607612, WIFUSDT,297492209,0.6623,27972.5,1739158607606,False
1739158607606, WIFUSDT, 0.6615, 6236.3, 22:36:47, False
1739158607606, WIFUSDT, 0.6616, 337.2, 22:36:47, False
1739158607606, WIFUSDT, 0.6617, 5682.4, 22:36:47, False
1739158607606, WIFUSDT, 0.6618, 13010.8, 22:36:47, False
1739158607606, WIFUSDT, 0.6619, 15389.4, 22:36:47, False
1739158607606, WIFUSDT, 0.662, 9404.6, 22:36:47, False
1739158607606, WIFUSDT, 0.6621, 20613.7, 22:36:47, False
1739158607606, WIFUSDT, 0.6622, 16739.0, 22:36:47, False
1739158607606, WIFUSDT, 0.6623, 27972.5, 22:36:47, False
1739158607607, WIFUSDT, 0.6624, 14393.7, 22:36:47, False
1739158607607, WIFUSDT, 0.6625, 9562.1, 22:36:47, False
1739158607652, WIFUSDT, 0.6613, 2282.9, 22:36:47, True
1739158607697, WIFUSDT, 0.6614, 228.8, 22:36:47, False
1739158607728, WIFUSDT, 0.6613, 55.3, 22:36:47, True
1739158607728, WIFUSDT, 0.6612, 297.5, 22:36:47, True
1739158607756, WIFUSDT, 0.6612, 11159.8, 22:36:47, False
1739158607757, WIFUSDT, 0.6614, 6389.0, 22:36:47, False
1739158607757, WIFUSDT, 0.6615, 2255.9, 22:36:47, False
1739158607761, WIFUSDT, 0.6616, 2340.0, 22:36:47, False
1739158607773, WIFUSDT, 0.6614, 41.2, 22:36:47, True
1739158607774, WIFUSDT, 0.6617, 270.7, 22:36:47, False
1739158607790, WIFUSDT, 0.6615, 15.2, 22:36:47, False
1739158607808, WIFUSDT, 0.6617, 4134.9, 22:36:47, False
1739158607854, WIFUSDT, 0.6618, 382.6, 22:36:47, False
1739158607856, WIFUSDT, 0.6619, 30.3, 22:36:47, False
1739158607870, WIFUSDT, 0.6617, 1511.4, 22:36:47, False
1739158607880, WIFUSDT, 0.6618, 8.2, 22:36:47, False
1739158607888, WIFUSDT, 0.6619, 294.8, 22:36:47, False
1739158607888, WIFUSDT, 0.662, 741.3, 22:36:47, False
1739158607905, WIFUSDT, 0.6618, 78.6, 22:36:47, True
1739158607935, WIFUSDT, 0.6619, 15.2, 22:36:47, False
1739158607935, WIFUSDT, 0.662, 1584.5, 22:36:47, False
1739158607973, WIFUSDT, 0.662, 249.1, 22:36:47, True
1739158607973, WIFUSDT, 0.6619, 7899.0, 22:36:47, True
1739158607980, WIFUSDT, 0.662, 377.0, 22:36:47, False
1739158608045, WIFUSDT, 0.6621, 2.6, 22:36:48, False
1739158608059, WIFUSDT, 0.662, 206.3, 22:36:48, True
1739158608097, WIFUSDT, 0.6621, 199.6, 22:36:48, False
1739158608098, WIFUSDT, 0.662, 2973.6, 22:36:48, True
1739158608127, WIFUSDT, 0.6619, 3492.0, 22:36:48, True
1739158608236, WIFUSDT, 0.6618, 30.2, 22:36:48, True
1739158608261, WIFUSDT, 0.6619, 214.1, 22:36:48, False
1739158608431, WIFUSDT, 0.6619, 5712.0, 22:36:48, True
1739158608545, WIFUSDT, 0.6619, 1592.3, 22:36:48, True
1739158608593, WIFUSDT, 0.6618, 40.2, 22:36:48, True
1739158608635, WIFUSDT, 0.6617, 2342.1, 22:36:48, True
1739158608653, WIFUSDT, 0.6617, 2432.9, 22:36:48, False
1739158608758, WIFUSDT, 0.6618, 503.0, 22:36:48, False
1739158608777, WIFUSDT, 0.6619, 0.2, 22:36:48, False
1739158608920, WIFUSDT, 0.6619, 2548.0, 22:36:48, False
1739158609019, WIFUSDT, 0.662, 2750.9, 22:36:49, False
1739158609027, WIFUSDT, 0.6621, 1208.8, 22:36:49, False
1739158609028, WIFUSDT, 0.662, 90.1, 22:36:49, True
1739158609204, WIFUSDT, 0.6621, 2189.6, 22:36:49, True
1739158609291, WIFUSDT, 0.6621, 679.7, 22:36:49, False
1739158609519, WIFUSDT, 0.6621, 54.8, 22:36:49, True
1739158609650, WIFUSDT, 0.6622, 2729.6, 22:36:49, False
1739158609736, WIFUSDT, 0.6623, 4401.5, 22:36:49, False
1739158609756, WIFUSDT, 0.6624, 3287.9, 22:36:49, False
1739158609774, WIFUSDT, 0.6625, 6734.6, 22:36:49, False
1739158609802, WIFUSDT, 0.6626, 12673.5, 22:36:49, False
1739158609842, WIFUSDT, 0.6627, 9542.5, 22:36:49, False
1739158609868, WIFUSDT, 0.6628, 7595.7, 22:36:49, False
1739158609960, WIFUSDT, 0.6627, 7845.6, 22:36:49, False
1739158610062, WIFUSDT, 0.6627, 793.8, 22:36:50, False
1739158610062, WIFUSDT, 0.6628, 3927.8, 22:36:50, False
1739158610062, WIFUSDT, 0.6629, 4012.7, 22:36:50, False
1739158610167, WIFUSDT, 0.6629, 7785.7, 22:36:50, False
1739158610178, WIFUSDT, 0.663, 12375.6, 22:36:50, False
1739158610486, WIFUSDT, 0.6629, 46.7, 22:36:50, True
1739158610625, WIFUSDT, 0.6631, 79.0, 22:36:50, False
1739158610648, WIFUSDT, 0.6629, 75.4, 22:36:50, True
1739158611003, WIFUSDT, 0.663, 1928.4, 22:36:51, False
1739158611003, WIFUSDT, 0.6631, 527.9, 22:36:51, False
1739158611010, WIFUSDT, 0.6632, 8.4, 22:36:51, False
1739158611151, WIFUSDT, 0.6632, 39.1, 22:36:51, False
1739158611171, WIFUSDT, 0.6631, 4445.9, 22:36:51, True
1739158611171, WIFUSDT, 0.663, 1076.4, 22:36:51, True
1739158611171, WIFUSDT, 0.6629, 6799.7, 22:36:51, True
1739158611220, WIFUSDT, 0.6628, 4058.2, 22:36:51, True
1739158611442, WIFUSDT, 0.6631, 2097.2, 22:36:51, True
1739158611442, WIFUSDT, 0.663, 1215.2, 22:36:51, True
1739158611442, WIFUSDT, 0.6629, 232.8, 22:36:51, True
1739158611564, WIFUSDT, 0.663, 384.6, 22:36:51, True
1739158611662, WIFUSDT, 0.663, 35.8, 22:36:51, False
1739158611799, WIFUSDT, 0.6629, 7727.3, 22:36:51, True
1739158611824, WIFUSDT, 0.6628, 296.8, 22:36:51, True
1739158611831, WIFUSDT, 0.6627, 2331.2, 22:36:51, True
1739158611832, WIFUSDT, 0.6629, 5137.9, 22:36:51, False
1739158611832, WIFUSDT, 0.663, 5911.7, 22:36:51, False
1739158611845, WIFUSDT,297492291,0.663,33995.4,1739158611835,True
1739158611835, WIFUSDT, 0.663, 33995.4, 22:36:51, True
1739158611840, WIFUSDT, 0.6628, 194.4, 22:36:51, True
1739158611840, WIFUSDT, 0.6627, 3761.8, 22:36:51, True
1739158611863, WIFUSDT, 0.6626, 2028.2, 22:36:51, True
1739158611879, WIFUSDT, 0.6625, 2256.0, 22:36:51, True
1739158611900, WIFUSDT, 0.6624, 6124.8, 22:36:51, True
1739158611939, WIFUSDT, 0.6628, 139.6, 22:36:51, False
1739158611939, WIFUSDT, 0.6629, 139.6, 22:36:51, False
1739158611939, WIFUSDT, 0.663, 360.9, 22:36:51, False
1739158611945, WIFUSDT, 0.6631, 43.1, 22:36:51, False
1739158611967, WIFUSDT, 0.6623, 75.0, 22:36:51, True
1739158611984, WIFUSDT, 0.6626, 1358.3, 22:36:51, True
1739158611987, WIFUSDT, 0.6626, 276.7, 22:36:51, False
1739158612162, WIFUSDT, 0.6623, 2940.7, 22:36:52, True
1739158612305, WIFUSDT, 0.6625, 2674.2, 22:36:52, False
1739158612356, WIFUSDT, 0.6624, 791.7, 22:36:52, True
1739158612465, WIFUSDT, 0.6624, 1811.9, 22:36:52, True
1739158612608, WIFUSDT, 0.6623, 1115.9, 22:36:52, True
1739158612608, WIFUSDT, 0.6622, 10508.4, 22:36:52, True
1739158612765, WIFUSDT, 0.6623, 787.6, 22:36:52, False
1739158612777, WIFUSDT, 0.6624, 2603.3, 22:36:52, False
1739158612791, WIFUSDT, 0.6625, 2784.4, 22:36:52, False
1739158612875, WIFUSDT, 0.6625, 10.8, 22:36:52, True
1739158612877, WIFUSDT, 0.6626, 2.7, 22:36:52, False
1739158612896, WIFUSDT, 0.6625, 185.5, 22:36:52, True
1739158612924, WIFUSDT, 0.6626, 37.5, 22:36:52, False
1739158612944, WIFUSDT, 0.6627, 301.3, 22:36:52, False
1739158613022, WIFUSDT, 0.6628, 1291.3, 22:36:53, False
1739158613093, WIFUSDT, 0.6629, 5098.6, 22:36:53, False
1739158613117, WIFUSDT, 0.663, 176.6, 22:36:53, False
1739158613216, WIFUSDT, 0.6631, 2144.8, 22:36:53, False
1739158613329, WIFUSDT, 0.6632, 18.2, 22:36:53, False
1739158613359, WIFUSDT, 0.6631, 11335.1, 22:36:53, True
1739158613398, WIFUSDT, 0.663, 730.0, 22:36:53, True
1739158613419, WIFUSDT, 0.6631, 30.2, 22:36:53, False
1739158613829, WIFUSDT, 0.6631, 774.0, 22:36:53, False
1739158613896, WIFUSDT, 0.6632, 76.3, 22:36:53, False
1739158613967, WIFUSDT, 0.6633, 124.0, 22:36:53, False
1739158614028, WIFUSDT, 0.6631, 2510.4, 22:36:54, True
1739158614039, WIFUSDT, 0.6631, 598.3, 22:36:54, False
1739158614046, WIFUSDT, 0.6632, 176.4, 22:36:54, False
1739158614047, WIFUSDT, 0.6633, 1624.8, 22:36:54, False
1739158614047, WIFUSDT, 0.6634, 1688.6, 22:36:54, False
1739158614097, WIFUSDT, 0.6633, 4789.1, 22:36:54, True
1739158614151, WIFUSDT, 0.6632, 204.4, 22:36:54, True
1739158614179, WIFUSDT, 0.6631, 1050.7, 22:36:54, True
1739158614303, WIFUSDT, 0.6631, 10076.5, 22:36:54, True
1739158614319, WIFUSDT, 0.663, 9792.9, 22:36:54, True
1739158614419, WIFUSDT, 0.6629, 649.2, 22:36:54, True
1739158614748, WIFUSDT, 0.6628, 52.6, 22:36:54, True
1739158614753, WIFUSDT, 0.6627, 897.5, 22:36:54, True
1739158614955, WIFUSDT, 0.6626, 129.4, 22:36:54, True
1739158614955, WIFUSDT, 0.6625, 3485.0, 22:36:54, True
1739158615060, WIFUSDT, 0.6624, 943.7, 22:36:55, True
1739158615119, WIFUSDT, 0.6624, 411.4, 22:36:55, False
1739158615179, WIFUSDT, 0.6625, 153.3, 22:36:55, False
1739158615344, WIFUSDT, 0.6626, 3.6, 22:36:55, False
1739158615472, WIFUSDT, 0.6626, 2793.9, 22:36:55, False
1739158615479, WIFUSDT, 0.6627, 241.6, 22:36:55, False
1739158615488, WIFUSDT, 0.6628, 1869.5, 22:36:55, False
1739158615512, WIFUSDT, 0.6628, 430.1, 22:36:55, True
1739158615517, WIFUSDT, 0.6627, 7900.0, 22:36:55, True
1739158615520, WIFUSDT, 0.6626, 7454.0, 22:36:55, True
1739158615563, WIFUSDT, 0.6626, 965.2, 22:36:55, False
1739158615579, WIFUSDT, 0.6627, 373.3, 22:36:55, True
1739158615769, WIFUSDT, 0.6627, 2342.3, 22:36:55, True
1739158615785, WIFUSDT, 0.6626, 754.4, 22:36:55, True
1739158615797, WIFUSDT, 0.6625, 1311.5, 22:36:55, True
1739158615831, WIFUSDT, 0.6625, 248.5, 22:36:55, False
1739158615904, WIFUSDT, 0.6624, 40.2, 22:36:55, True
1739158615980, WIFUSDT, 0.6623, 2868.6, 22:36:55, True
1739158616011, WIFUSDT, 0.6622, 1097.4, 22:36:56, True
1739158616051, WIFUSDT, 0.6621, 38.6, 22:36:56, True
1739158616051, WIFUSDT, 0.662, 369.1, 22:36:56, True
1739158616236, WIFUSDT, 0.6621, 334.5, 22:36:56, False
1739158616236, WIFUSDT, 0.6622, 1148.6, 22:36:56, False
1739158616371, WIFUSDT, 0.662, 77.0, 22:36:56, True
1739158616583, WIFUSDT, 0.6622, 80.6, 22:36:56, False
1739158616583, WIFUSDT, 0.6623, 6637.2, 22:36:56, False
1739158616631, WIFUSDT, 0.6624, 52.8, 22:36:56, False
1739158616661, WIFUSDT, 0.6625, 556.7, 22:36:56, False
1739158616920, WIFUSDT, 0.6625, 568.4, 22:36:56, False
1739158616936, WIFUSDT, 0.6626, 351.3, 22:36:56, False
1739158616967, WIFUSDT, 0.6625, 402.3, 22:36:56, True
1739158616977, WIFUSDT, 0.6625, 9.8, 22:36:56, False
1739158617218, WIFUSDT, 0.6624, 40.2, 22:36:57, True
1739158617287, WIFUSDT, 0.6623, 1479.0, 22:36:57, True
1739158617437, WIFUSDT, 0.6623, 1950.8, 22:36:57, False
1739158617437, WIFUSDT, 0.6624, 5596.3, 22:36:57, False
1739158617548, WIFUSDT, 0.6623, 1244.4, 22:36:57, True
1739158617901, WIFUSDT, 0.6623, 804.9, 22:36:57, True
1739158617972, WIFUSDT, 0.6622, 992.7, 22:36:57, True
1739158617979, WIFUSDT, 0.6621, 5565.2, 22:36:57, True
1739158618085, WIFUSDT, 0.6621, 1156.4, 22:36:58, False
1739158618110, WIFUSDT, 0.6622, 1442.0, 22:36:58, False
1739158618245, WIFUSDT, 0.6623, 1600.2, 22:36:58, True
1739158618402, WIFUSDT, 0.6624, 3518.5, 22:36:58, False
1739158618534, WIFUSDT, 0.6624, 954.6, 22:36:58, True
1739158618579, WIFUSDT, 0.6623, 3567.5, 22:36:58, True
1739158618622, WIFUSDT, 0.6622, 2329.1, 22:36:58, True
1739158618682, WIFUSDT, 0.6621, 480.0, 22:36:58, True
1739158618682, WIFUSDT, 0.662, 1531.3, 22:36:58, True
1739158618904, WIFUSDT, 0.6619, 856.8, 22:36:58, True
1739158618910, WIFUSDT, 0.662, 17.6, 22:36:58, False
1739158618924, WIFUSDT, 0.6619, 3727.7, 22:36:58, True
1739158618970, WIFUSDT, 0.6618, 1104.0, 22:36:58, True
1739158619001, WIFUSDT, 0.6617, 1077.8, 22:36:59, True
1739158619289, WIFUSDT, 0.6616, 21.8, 22:36:59, True
1739158619408, WIFUSDT, 0.6616, 2.4, 22:36:59, False
1739158619438, WIFUSDT, 0.6615, 1067.2, 22:36:59, True
1739158619438, WIFUSDT, 0.6614, 1591.6, 22:36:59, True
1739158619458, WIFUSDT, 0.6615, 2337.6, 22:36:59, True
1739158619624, WIFUSDT, 0.6615, 2361.0, 22:36:59, True
1739158619627, WIFUSDT, 0.6614, 10904.9, 22:36:59, True
1739158619761, WIFUSDT, 0.6613, 23.5, 22:36:59, True
1739158619927, WIFUSDT, 0.6615, 47.4, 22:36:59, False
1739158619927, WIFUSDT, 0.6616, 52.6, 22:36:59, False
1739158620018, WIFUSDT, 0.6615, 946.4, 22:37:00, True
1739158620052, WIFUSDT, 0.6614, 40.2, 22:37:00, True
1739158620061, WIFUSDT, 0.6613, 1852.6, 22:37:00, True
1739158620328, WIFUSDT, 0.6613, 394.1, 22:37:00, False
1739158620453, WIFUSDT, 0.6613, 4388.3, 22:37:00, True
1739158620453, WIFUSDT, 0.6612, 10263.8, 22:37:00, True
1739158620498, WIFUSDT, 0.6613, 163.2, 22:37:00, True
1739158620501, WIFUSDT, 0.6612, 18.7, 22:37:00, True
1739158620597, WIFUSDT, 0.6613, 8457.0, 22:37:00, False
1739158620598, WIFUSDT, 0.6614, 6303.4, 22:37:00, False
1739158620598, WIFUSDT, 0.6615, 8750.2, 22:37:00, False
1739158620598, WIFUSDT, 0.6616, 11350.4, 22:37:00, False
1739158620682, WIFUSDT, 0.6614, 2634.4, 22:37:00, False
1739158620780, WIFUSDT, 0.6615, 152.9, 22:37:00, False
1739158620787, WIFUSDT, 0.6614, 276.1, 22:37:00, True
1739158620791, WIFUSDT, 0.6613, 4531.5, 22:37:00, True
1739158620881, WIFUSDT, 0.6612, 15.2, 22:37:00, True
1739158620891, WIFUSDT, 0.6611, 2696.4, 22:37:00, True
1739158620908, WIFUSDT, 0.661, 3247.8, 22:37:00, True
1739158620966, WIFUSDT, 0.661, 98.8, 22:37:00, False
1739158621014, WIFUSDT, 0.6609, 533.7, 22:37:01, True
1739158621014, WIFUSDT, 0.6608, 3380.5, 22:37:01, True
1739158621014, WIFUSDT, 0.6607, 1151.2, 22:37:01, True
1739158621090, WIFUSDT, 0.6609, 113.3, 22:37:01, True
1739158621122, WIFUSDT, 0.661, 8.2, 22:37:01, False
1739158621211, WIFUSDT, 0.6611, 607.5, 22:37:01, False
1739158621300, WIFUSDT, 0.6612, 3425.0, 22:37:01, False
1739158621308, WIFUSDT, 0.6613, 3064.3, 22:37:01, False
1739158621320, WIFUSDT, 0.6612, 181.4, 22:37:01, True
1739158621473, WIFUSDT, 0.6615, 1773.5, 22:37:01, False
1739158621597, WIFUSDT, 0.6615, 245.4, 22:37:01, True
1739158621730, WIFUSDT, 0.6614, 1152.6, 22:37:01, True
1739158622083, WIFUSDT, 0.6613, 1257.2, 22:37:02, True
1739158622100, WIFUSDT, 0.6612, 1090.6, 22:37:02, True
1739158622149, WIFUSDT, 0.6611, 3012.0, 22:37:02, True
1739158622211, WIFUSDT, 0.661, 1328.0, 22:37:02, True
1739158622235, WIFUSDT, 0.6609, 366.9, 22:37:02, True
1739158622457, WIFUSDT, 0.6609, 692.3, 22:37:02, False
1739158622525, WIFUSDT, 0.661, 15.2, 22:37:02, False
1739158622944, WIFUSDT, 0.661, 133.1, 22:37:02, True
1739158623053, WIFUSDT, 0.6609, 1799.4, 22:37:03, True
1739158623089, WIFUSDT, 0.6608, 1254.7, 22:37:03, True
1739158623101, WIFUSDT, 0.6607, 1141.4, 22:37:03, True
1739158623131, WIFUSDT, 0.6606, 1871.3, 22:37:03, True
1739158623165, WIFUSDT, 0.6606, 9.1, 22:37:03, False
1739158623237, WIFUSDT, 0.6605, 757.0, 22:37:03, True
1739158623355, WIFUSDT, 0.6605, 498.2, 22:37:03, False
1739158623465, WIFUSDT, 0.6606, 474.6, 22:37:03, False
1739158623494, WIFUSDT, 0.6607, 2552.0, 22:37:03, False
1739158623580, WIFUSDT, 0.6608, 4228.5, 22:37:03, False
1739158623596, WIFUSDT, 0.6609, 788.5, 22:37:03, False
1739158623775, WIFUSDT, 0.6608, 15.2, 22:37:03, True
1739158623825, WIFUSDT, 0.6607, 31.0, 22:37:03, True
1739158623975, WIFUSDT, 0.6608, 79.5, 22:37:03, True
1739158624072, WIFUSDT, 0.6607, 3030.0, 22:37:04, True
1739158624129, WIFUSDT, 0.6607, 181.2, 22:37:04, False
1739158624240, WIFUSDT, 0.6608, 30.6, 22:37:04, False
1739158624399, WIFUSDT, 0.6609, 1952.1, 22:37:04, False
1739158624403, WIFUSDT, 0.6609, 1135.5, 22:37:04, True
1739158624453, WIFUSDT, 0.661, 1097.4, 22:37:04, False
1739158624460, WIFUSDT, 0.6611, 2136.2, 22:37:04, False
1739158624538, WIFUSDT, 0.6612, 4082.0, 22:37:04, False
1739158624544, WIFUSDT, 0.6613, 3809.8, 22:37:04, False
1739158624576, WIFUSDT, 0.6614, 1997.9, 22:37:04, False
1739158624676, WIFUSDT, 0.6615, 5.5, 22:37:04, False
1739158624756, WIFUSDT, 0.6614, 325.0, 22:37:04, True
1739158624802, WIFUSDT, 0.6614, 540.2, 22:37:04, False
1739158624808, WIFUSDT, 0.6615, 1009.6, 22:37:04, False
1739158624818, WIFUSDT, 0.6616, 2868.6, 22:37:04, False
1739158624822, WIFUSDT, 0.6617, 6602.5, 22:37:04, False
1739158624832, WIFUSDT, 0.6618, 15317.8, 22:37:04, False
1739158624873, WIFUSDT, 0.6617, 5404.4, 22:37:04, True
1739158624933, WIFUSDT, 0.6618, 5655.0, 22:37:04, False
1739158624935, WIFUSDT, 0.6619, 4674.5, 22:37:04, False
1739158625061, WIFUSDT, 0.662, 4204.8, 22:37:05, False
1739158625114, WIFUSDT, 0.662, 4346.6, 22:37:05, True
1739158625230, WIFUSDT, 0.6621, 960.9, 22:37:05, False
1739158625449, WIFUSDT, 0.6622, 401.1, 22:37:05, False
1739158625501, WIFUSDT, 0.6623, 9369.2, 22:37:05, False
1739158625501, WIFUSDT, 0.6624, 1891.6, 22:37:05, False
1739158625501, WIFUSDT, 0.6625, 4692.7, 22:37:05, False
1739158625501, WIFUSDT, 0.6626, 373.9, 22:37:05, False
1739158625508, WIFUSDT, 0.6622, 44.0, 22:37:05, True
1739158625595, WIFUSDT, 0.6624, 150.7, 22:37:05, False
1739158625664, WIFUSDT, 0.6625, 1076.4, 22:37:05, True
1739158625664, WIFUSDT, 0.6624, 932.2, 22:37:05, True
1739158625701, WIFUSDT, 0.6625, 435.9, 22:37:05, True
1739158625806, WIFUSDT, 0.6626, 741.6, 22:37:05, False
1739158625816, WIFUSDT, 0.6627, 529.0, 22:37:05, False
1739158625832, WIFUSDT, 0.6628, 421.7, 22:37:05, False
1739158625943, WIFUSDT, 0.6628, 908.1, 22:37:05, False
1739158626045, WIFUSDT, 0.6628, 2405.8, 22:37:06, True
1739158626097, WIFUSDT, 0.6627, 3097.3, 22:37:06, True
1739158626130, WIFUSDT, 0.6626, 16745.1, 22:37:06, True
1739158626142, WIFUSDT, 0.6625, 2054.6, 22:37:06, True
1739158626264, WIFUSDT, 0.6625, 2182.1, 22:37:06, True
1739158626373, WIFUSDT, 0.6625, 5895.3, 22:37:06, False
1739158626450, WIFUSDT, 0.6626, 2489.4, 22:37:06, False
1739158626462, WIFUSDT, 0.6627, 7483.4, 22:37:06, False
1739158626529, WIFUSDT, 0.6628, 822.1, 22:37:06, False
1739158626529, WIFUSDT, 0.6629, 7533.5, 22:37:06, False
1739158626634, WIFUSDT, 0.6629, 2206.2, 22:37:06, False
1739158626640, WIFUSDT, 0.663, 2292.5, 22:37:06, False
1739158626657, WIFUSDT, 0.6631, 918.1, 22:37:06, False
1739158626797, WIFUSDT, 0.6632, 219.4, 22:37:06, False
1739158626833, WIFUSDT, 0.6631, 259.1, 22:37:06, True
1739158627004, WIFUSDT, 0.6631, 913.4, 22:37:07, True
1739158627004, WIFUSDT, 0.663, 1173.4, 22:37:07, True
1739158627163, WIFUSDT, 0.6631, 728.7, 22:37:07, False
1739158627354, WIFUSDT, 0.6632, 15.1, 22:37:07, False
1739158627397, WIFUSDT, 0.6633, 1716.8, 22:37:07, False
1739158627397, WIFUSDT, 0.6634, 3439.8, 22:37:07, False
1739158627397, WIFUSDT, 0.6635, 2387.5, 22:37:07, False
1739158627447, WIFUSDT, 0.6634, 661.5, 22:37:07, True
1739158627673, WIFUSDT, 0.6634, 1901.9, 22:37:07, False
1739158628167, WIFUSDT, 0.6634, 131.0, 22:37:08, False
1739158628183, WIFUSDT, 0.6635, 516.6, 22:37:08, False
1739158628332, WIFUSDT, 0.6636, 60.3, 22:37:08, False
1739158628369, WIFUSDT, 0.6635, 1667.2, 22:37:08, True
1739158628369, WIFUSDT, 0.6634, 8499.4, 22:37:08, True
1739158628369, WIFUSDT, 0.6633, 751.3, 22:37:08, True
1739158628461, WIFUSDT, 0.6636, 1450.3, 22:37:08, False
1739158628476, WIFUSDT, 0.6637, 5045.3, 22:37:08, False
1739158628522, WIFUSDT, 0.6638, 187.6, 22:37:08, False
1739158628533, WIFUSDT, 0.6638, 5197.7, 22:37:08, True
1739158628573, WIFUSDT, 0.6639, 11.2, 22:37:08, False
1739158628624, WIFUSDT, 0.6638, 327.1, 22:37:08, True
1739158628670, WIFUSDT, 0.6637, 2209.1, 22:37:08, True
1739158628689, WIFUSDT, 0.6638, 7156.1, 22:37:08, True
1739158628799, WIFUSDT, 0.6638, 30.3, 22:37:08, True
1739158628917, WIFUSDT, 0.6639, 1511.0, 22:37:08, False
1739158629001, WIFUSDT,297492539,0.6638,43573.6,1739158628946,True
1739158628946, WIFUSDT, 0.6638, 43573.6, 22:37:08, True
1739158628997, WIFUSDT, 0.6637, 22.7, 22:37:08, True
1739158629144, WIFUSDT, 0.6637, 818.6, 22:37:09, True
1739158629379, WIFUSDT, 0.6637, 2026.6, 22:37:09, True
1739158629515, WIFUSDT, 0.6638, 29.5, 22:37:09, False
1739158629524, WIFUSDT, 0.6638, 12904.9, 22:37:09, True
1739158629549, WIFUSDT, 0.6637, 36.8, 22:37:09, True
1739158629701, WIFUSDT, 0.6639, 4132.3, 22:37:09, False
1739158629710, WIFUSDT, 0.664, 7182.4, 22:37:09, False
1739158629831, WIFUSDT,297492548,0.6641,160098.4,1739158629768,False
1739158629768, WIFUSDT, 0.6641, 160098.4, 22:37:09, False
1739158629829, WIFUSDT, 0.6642, 2224.9, 22:37:09, False
1739158629829, WIFUSDT, 0.6643, 8302.0, 22:37:09, False
1739158629870, WIFUSDT, 0.6644, 2757.3, 22:37:09, False
1739158629964, WIFUSDT, 0.6644, 53.3, 22:37:09, True
1739158629991, WIFUSDT, 0.6645, 95.1, 22:37:09, False
1739158630006, WIFUSDT, 0.6644, 50.0, 22:37:10, True
1739158630011, WIFUSDT, 0.6643, 4522.1, 22:37:10, True
1739158630042, WIFUSDT, 0.6642, 1300.9, 22:37:10, True
1739158630116, WIFUSDT, 0.6641, 650.2, 22:37:10, True
1739158630193, WIFUSDT, 0.664, 500.0, 22:37:10, True
1739158630209, WIFUSDT, 0.6641, 362.4, 22:37:10, False
1739158630260, WIFUSDT, 0.6642, 16.2, 22:37:10, True
1739158630298, WIFUSDT, 0.6643, 1276.8, 22:37:10, False
1739158630637, WIFUSDT, 0.6645, 1.7, 22:37:10, False
1739158630673, WIFUSDT, 0.6644, 321.0, 22:37:10, True
1739158630714, WIFUSDT, 0.6645, 7.7, 22:37:10, False
1739158630771, WIFUSDT, 0.6644, 1338.8, 22:37:10, True
1739158630772, WIFUSDT, 0.6643, 5678.7, 22:37:10, True
1739158630779, WIFUSDT, 0.6642, 1946.9, 22:37:10, True
1739158630956, WIFUSDT, 0.6642, 816.2, 22:37:10, True
1739158631026, WIFUSDT, 0.6641, 1167.5, 22:37:11, True
1739158631026, WIFUSDT, 0.664, 10794.1, 22:37:11, True
1739158631026, WIFUSDT, 0.6639, 7002.9, 22:37:11, True
1739158631035, WIFUSDT, 0.664, 9.0, 22:37:11, True
1739158631035, WIFUSDT, 0.6639, 911.2, 22:37:11, True
1739158631049, WIFUSDT, 0.664, 8987.9, 22:37:11, False
1739158631134, WIFUSDT,297492575,0.664,27650.5,1739158631111,True
1739158631111, WIFUSDT, 0.664, 27650.5, 22:37:11, True
1739158631130, WIFUSDT, 0.6641, 19.7, 22:37:11, False
1739158631173, WIFUSDT, 0.6639, 1348.1, 22:37:11, True
1739158631282, WIFUSDT, 0.6638, 8.1, 22:37:11, True
1739158631300, WIFUSDT, 0.6639, 24.9, 22:37:11, False
1739158631327, WIFUSDT, 0.664, 1778.9, 22:37:11, False
1739158631488, WIFUSDT, 0.6641, 68.0, 22:37:11, False
1739158631510, WIFUSDT, 0.664, 2514.3, 22:37:11, True
1739158631515, WIFUSDT, 0.6639, 15.1, 22:37:11, True
1739158631783, WIFUSDT, 0.6638, 219.3, 22:37:11, True
1739158631783, WIFUSDT, 0.6637, 9792.6, 22:37:11, True
1739158631993, WIFUSDT, 0.6637, 78.3, 22:37:11, False
1739158632074, WIFUSDT, 0.6636, 3877.8, 22:37:12, True
1739158632074, WIFUSDT, 0.6635, 4898.7, 22:37:12, True
1739158632074, WIFUSDT, 0.6634, 13013.2, 22:37:12, True
1739158632143, WIFUSDT, 0.6635, 309.6, 22:37:12, True
1739158632193, WIFUSDT, 0.6634, 70.0, 22:37:12, True
1739158632193, WIFUSDT, 0.6635, 634.1, 22:37:12, False
1739158632305, WIFUSDT, 0.6635, 11.4, 22:37:12, False
1739158632407, WIFUSDT, 0.6634, 2034.6, 22:37:12, True
1739158632525, WIFUSDT, 0.6634, 756.9, 22:37:12, False
1739158632581, WIFUSDT, 0.6635, 3.2, 22:37:12, False
1739158632672, WIFUSDT, 0.6634, 1212.3, 22:37:12, True
1739158632675, WIFUSDT, 0.6633, 920.1, 22:37:12, True
1739158633019, WIFUSDT, 0.6633, 625.8, 22:37:13, True
1739158633019, WIFUSDT, 0.6632, 2230.1, 22:37:13, True
1739158633131, WIFUSDT, 0.6633, 2.1, 22:37:13, False
1739158633387, WIFUSDT, 0.6632, 524.2, 22:37:13, True
1739158633477, WIFUSDT, 0.6631, 12.6, 22:37:13, True
1739158633552, WIFUSDT, 0.6631, 3.6, 22:37:13, False
1739158633608, WIFUSDT, 0.663, 174.8, 22:37:13, True
1739158633709, WIFUSDT, 0.6629, 346.1, 22:37:13, True
1739158633773, WIFUSDT, 0.6629, 454.9, 22:37:13, False
1739158633945, WIFUSDT, 0.663, 753.5, 22:37:13, False
1739158634021, WIFUSDT, 0.6629, 766.7, 22:37:14, True
1739158634030, WIFUSDT, 0.6628, 6383.6, 22:37:14, True
1739158634030, WIFUSDT, 0.6627, 1631.8, 22:37:14, True
1739158634140, WIFUSDT, 0.6628, 24.9, 22:37:14, False
1739158634148, WIFUSDT, 0.6629, 30.5, 22:37:14, False
1739158634157, WIFUSDT, 0.663, 3701.3, 22:37:14, False
1739158634217, WIFUSDT, 0.6631, 1117.1, 22:37:14, False
1739158634385, WIFUSDT, 0.6631, 967.6, 22:37:14, True
1739158634395, WIFUSDT, 0.663, 2998.2, 22:37:14, True
1739158634474, WIFUSDT, 0.6629, 5331.7, 22:37:14, True
1739158634492, WIFUSDT, 0.6628, 314.2, 22:37:14, True
1739158634492, WIFUSDT, 0.6627, 273.9, 22:37:14, True
1739158634803, WIFUSDT, 0.6627, 30.5, 22:37:14, True
1739158634816, WIFUSDT, 0.6626, 5456.6, 22:37:14, True
1739158635045, WIFUSDT, 0.6625, 944.0, 22:37:15, True
1739158635420, WIFUSDT, 0.6625, 243.5, 22:37:15, False
1739158635424, WIFUSDT, 0.6626, 1283.2, 22:37:15, False
1739158635467, WIFUSDT, 0.6627, 1772.9, 22:37:15, False
1739158635472, WIFUSDT, 0.6628, 2315.2, 22:37:15, False
1739158635475, WIFUSDT, 0.6629, 2375.0, 22:37:15, False
1739158635542, WIFUSDT, 0.663, 31.9, 22:37:15, False
1739158635612, WIFUSDT, 0.6631, 36.9, 22:37:15, False
1739158635646, WIFUSDT, 0.6632, 3274.3, 22:37:15, False
1739158635822, WIFUSDT, 0.6632, 1151.4, 22:37:15, True
1739158635869, WIFUSDT, 0.6631, 4796.8, 22:37:15, True
1739158635886, WIFUSDT, 0.663, 4481.0, 22:37:15, True
1739158635918, WIFUSDT, 0.6629, 579.0, 22:37:15, True
1739158635933, WIFUSDT, 0.663, 445.0, 22:37:15, True
1739158635933, WIFUSDT, 0.6629, 1395.1, 22:37:15, True
1739158636032, WIFUSDT, 0.6628, 1304.0, 22:37:16, True
1739158636139, WIFUSDT, 0.6628, 28.6, 22:37:16, False
1739158636558, WIFUSDT, 0.6627, 2183.6, 22:37:16, True
1739158636578, WIFUSDT, 0.6626, 258.2, 22:37:16, True
1739158636669, WIFUSDT, 0.6625, 2773.5, 22:37:16, True
1739158636680, WIFUSDT, 0.6624, 1489.9, 22:37:16, True
1739158636717, WIFUSDT, 0.6623, 74.9, 22:37:16, True
1739158636731, WIFUSDT, 0.6624, 29.2, 22:37:16, False
1739158636908, WIFUSDT, 0.6623, 850.4, 22:37:16, True
1739158636923, WIFUSDT, 0.6622, 1751.6, 22:37:16, True
1739158637010, WIFUSDT, 0.6621, 232.3, 22:37:17, True
1739158637122, WIFUSDT, 0.6621, 2.6, 22:37:17, False
1739158637138, WIFUSDT, 0.662, 153.5, 22:37:17, True
1739158637242, WIFUSDT, 0.6621, 1636.7, 22:37:17, False
1739158637255, WIFUSDT, 0.6622, 3945.2, 22:37:17, False
1739158637262, WIFUSDT, 0.6623, 4624.1, 22:37:17, False
1739158637264, WIFUSDT, 0.6622, 8400.6, 22:37:17, True
1739158637294, WIFUSDT, 0.6623, 545.5, 22:37:17, True
1739158637325, WIFUSDT, 0.6622, 819.6, 22:37:17, True
1739158637538, WIFUSDT, 0.6621, 389.7, 22:37:17, True
1739158637741, WIFUSDT, 0.6621, 539.0, 22:37:17, True
1739158637806, WIFUSDT, 0.662, 1613.9, 22:37:17, True
1739158637810, WIFUSDT, 0.6619, 2037.3, 22:37:17, True
1739158637867, WIFUSDT, 0.6618, 1343.4, 22:37:17, True
1739158638112, WIFUSDT, 0.6617, 15.2, 22:37:18, True
1739158638112, WIFUSDT, 0.6616, 440.1, 22:37:18, True
1739158638321, WIFUSDT, 0.6617, 6738.6, 22:37:18, False
1739158638563, WIFUSDT, 0.6617, 3219.3, 22:37:18, True
1739158638733, WIFUSDT, 0.6617, 11463.7, 22:37:18, False
1739158638733, WIFUSDT, 0.6618, 3172.5, 22:37:18, False
1739158638958, WIFUSDT, 0.6617, 15.2, 22:37:18, True
1739158638962, WIFUSDT, 0.6616, 6927.8, 22:37:18, True
1739158638962, WIFUSDT, 0.6615, 2763.3, 22:37:18, True
1739158638962, WIFUSDT, 0.6614, 3985.6, 22:37:18, True
1739158639115, WIFUSDT, 0.6613, 4417.4, 22:37:19, True
1739158639115, WIFUSDT, 0.6612, 107.7, 22:37:19, True
1739158639138, WIFUSDT, 0.6613, 368.7, 22:37:19, False
1739158639138, WIFUSDT, 0.6614, 164.3, 22:37:19, False
1739158639149, WIFUSDT, 0.6614, 2509.4, 22:37:19, True
1739158639281, WIFUSDT, 0.6614, 4134.0, 22:37:19, True
1739158639408, WIFUSDT, 0.6614, 5.2, 22:37:19, False
1739158639647, WIFUSDT, 0.6614, 1362.6, 22:37:19, False
1739158639677, WIFUSDT, 0.6615, 515.9, 22:37:19, False
1739158639688, WIFUSDT, 0.6616, 2168.0, 22:37:19, False
1739158639711, WIFUSDT, 0.6617, 1054.9, 22:37:19, False
1739158639731, WIFUSDT, 0.6618, 2102.3, 22:37:19, False
1739158639735, WIFUSDT, 0.6619, 5844.4, 22:37:19, False
1739158639887, WIFUSDT, 0.662, 40.2, 22:37:19, False
1739158639969, WIFUSDT, 0.6621, 24.4, 22:37:19, False
1739158640144, WIFUSDT, 0.6622, 2119.4, 22:37:20, False
1739158640304, WIFUSDT, 0.6621, 1194.9, 22:37:20, True
1739158640460, WIFUSDT, 0.662, 117.2, 22:37:20, True
1739158640687, WIFUSDT, 0.6619, 12.6, 22:37:20, True
1739158640728, WIFUSDT, 0.6618, 15.2, 22:37:20, True
1739158640744, WIFUSDT, 0.6617, 651.5, 22:37:20, True
1739158640753, WIFUSDT, 0.6617, 10037.3, 22:37:20, False
1739158640753, WIFUSDT, 0.6618, 584.8, 22:37:20, False
1739158640766, WIFUSDT, 0.6619, 4176.5, 22:37:20, False
1739158640766, WIFUSDT, 0.662, 11574.7, 22:37:20, False
1739158640774, WIFUSDT, 0.662, 25.0, 22:37:20, True
1739158641076, WIFUSDT, 0.6619, 3.6, 22:37:21, False
1739158641131, WIFUSDT, 0.6618, 1058.3, 22:37:21, True
1739158641466, WIFUSDT, 0.6618, 2005.7, 22:37:21, True
1739158641470, WIFUSDT, 0.6617, 5555.9, 22:37:21, True
1739158641584, WIFUSDT, 0.6616, 925.5, 22:37:21, True
1739158641628, WIFUSDT, 0.6615, 49.4, 22:37:21, True
1739158641628, WIFUSDT, 0.6614, 950.6, 22:37:21, True
1739158641930, WIFUSDT, 0.6614, 2299.8, 22:37:21, True
1739158641943, WIFUSDT, 0.6613, 56.3, 22:37:21, True
1739158642093, WIFUSDT, 0.6612, 1156.2, 22:37:22, True
1739158642192, WIFUSDT, 0.6612, 411.4, 22:37:22, False
1739158642267, WIFUSDT, 0.6612, 300.0, 22:37:22, True
1739158642362, WIFUSDT, 0.6613, 36.5, 22:37:22, False
1739158642379, WIFUSDT, 0.6612, 8.0, 22:37:22, True
1739158642388, WIFUSDT, 0.6611, 1193.9, 22:37:22, True
1739158642468, WIFUSDT, 0.661, 1269.0, 22:37:22, True
1739158642745, WIFUSDT, 0.6609, 48.3, 22:37:22, True
1739158642817, WIFUSDT, 0.6608, 9061.7, 22:37:22, True
1739158642859, WIFUSDT, 0.6607, 5127.1, 22:37:22, True
1739158642998, WIFUSDT, 0.6606, 1140.6, 22:37:22, True
1739158643005, WIFUSDT, 0.6606, 9.8, 22:37:23, False
1739158643026, WIFUSDT, 0.6605, 9492.5, 22:37:23, True
1739158643139, WIFUSDT, 0.6604, 1326.8, 22:37:23, True
1739158643233, WIFUSDT, 0.6604, 771.0, 22:37:23, False
1739158643387, WIFUSDT, 0.6603, 3671.0, 22:37:23, True
1739158643674, WIFUSDT, 0.6602, 1432.3, 22:37:23, True
1739158643846, WIFUSDT, 0.6602, 45.7, 22:37:23, True
1739158643846, WIFUSDT, 0.6601, 11650.6, 22:37:23, True
1739158643956, WIFUSDT, 0.6601, 276.4, 22:37:23, False
1739158644004, WIFUSDT, 0.6601, 1739.9, 22:37:24, True
1739158644079, WIFUSDT, 0.6602, 15.2, 22:37:24, False
1739158644086, WIFUSDT, 0.6603, 103.4, 22:37:24, False
1739158644087, WIFUSDT, 0.6604, 7177.6, 22:37:24, False
1739158644097, WIFUSDT, 0.6604, 6135.1, 22:37:24, True
1739158644104, WIFUSDT, 0.6605, 8097.4, 22:37:24, False
1739158644113, WIFUSDT, 0.6606, 8507.7, 22:37:24, False
1739158644147, WIFUSDT, 0.6606, 4107.9, 22:37:24, True
1739158644204, WIFUSDT, 0.6607, 2225.2, 22:37:24, False
1739158644210, WIFUSDT, 0.6608, 4954.8, 22:37:24, False
1739158644270, WIFUSDT, 0.6609, 1761.6, 22:37:24, False
1739158644360, WIFUSDT, 0.6608, 15.2, 22:37:24, True
1739158644434, WIFUSDT, 0.6607, 1292.0, 22:37:24, True
1739158644444, WIFUSDT, 0.6606, 1829.0, 22:37:24, True
1739158644458, WIFUSDT, 0.6605, 2441.7, 22:37:24, True
1739158644505, WIFUSDT, 0.6605, 169.3, 22:37:24, False
1739158644534, WIFUSDT, 0.6606, 638.5, 22:37:24, False
1739158644589, WIFUSDT, 0.6605, 15.2, 22:37:24, True
1739158644623, WIFUSDT, 0.6604, 999.9, 22:37:24, True
1739158644645, WIFUSDT, 0.6605, 1075.8, 22:37:24, False
1739158645012, WIFUSDT, 0.6604, 7639.4, 22:37:25, True
1739158645034, WIFUSDT, 0.6603, 55.4, 22:37:25, True
1739158645034, WIFUSDT, 0.6602, 2895.5, 22:37:25, True
1739158645186, WIFUSDT, 0.6602, 472.1, 22:37:25, False
1739158645257, WIFUSDT, 0.6603, 15.2, 22:37:25, False
1739158645260, WIFUSDT, 0.6604, 15.2, 22:37:25, False
1739158645260, WIFUSDT, 0.6605, 1421.3, 22:37:25, False
1739158645292, WIFUSDT, 0.6604, 385.9, 22:37:25, False
1739158645419, WIFUSDT, 0.6604, 80.0, 22:37:25, False
1739158645534, WIFUSDT, 0.6603, 15.2, 22:37:25, True
1739158645543, WIFUSDT, 0.6602, 29547.7, 22:37:25, True
1739158645655, WIFUSDT, 0.6602, 16922.3, 22:37:25, True
1739158645809, WIFUSDT, 0.6602, 2262.4, 22:37:25, False
1739158645991, WIFUSDT, 0.6603, 648.5, 22:37:25, False
1739158646002, WIFUSDT, 0.6604, 9765.6, 22:37:26, False
1739158646007, WIFUSDT, 0.6605, 4993.3, 22:37:26, False
1739158646108, WIFUSDT, 0.6606, 40.2, 22:37:26, False
1739158646142, WIFUSDT, 0.6606, 16.5, 22:37:26, True
1739158646165, WIFUSDT, 0.6607, 7552.6, 22:37:26, False
1739158646175, WIFUSDT, 0.6608, 3447.8, 22:37:26, False
1739158646343, WIFUSDT, 0.6608, 1395.3, 22:37:26, True
1739158646458, WIFUSDT, 0.6608, 4358.4, 22:37:26, True
1739158646466, WIFUSDT, 0.6607, 4266.8, 22:37:26, True
1739158646481, WIFUSDT, 0.6606, 6005.3, 22:37:26, True
1739158646571, WIFUSDT, 0.6605, 890.8, 22:37:26, True
1739158646650, WIFUSDT, 0.6604, 40.2, 22:37:26, True
1739158646666, WIFUSDT, 0.6603, 1209.8, 22:37:26, True
1739158646690, WIFUSDT, 0.6602, 1321.4, 22:37:26, True
1739158647038, WIFUSDT, 0.6601, 1936.5, 22:37:27, True
1739158647125, WIFUSDT, 0.66, 1478.8, 22:37:27, True
1739158647127, WIFUSDT, 0.6599, 1706.2, 22:37:27, True
1739158647127, WIFUSDT, 0.6598, 3669.2, 22:37:27, True
1739158647174, WIFUSDT, 0.66, 8.2, 22:37:27, False
1739158647247, WIFUSDT, 0.66, 1.5, 22:37:27, True
1739158647309, WIFUSDT, 0.6601, 26.2, 22:37:27, False
1739158647537, WIFUSDT, 0.6601, 3963.1, 22:37:27, False
1739158647579, WIFUSDT, 0.6601, 634.0, 22:37:27, True
1739158647602, WIFUSDT, 0.6601, 9640.2, 22:37:27, False
1739158647652, WIFUSDT, 0.6601, 37741.2, 22:37:27, True
1739158647664, WIFUSDT, 0.66, 103.5, 22:37:27, True
1739158647931, WIFUSDT, 0.66, 637.2, 22:37:27, True
1739158647950, WIFUSDT, 0.6599, 30.6, 22:37:27, True
1739158648165, WIFUSDT, 0.6598, 30.2, 22:37:28, True
1739158648186, WIFUSDT, 0.6599, 430.2, 22:37:28, False
1739158648206, WIFUSDT, 0.66, 65.4, 22:37:28, False
1739158648206, WIFUSDT, 0.6601, 1072.1, 22:37:28, False
1739158648231, WIFUSDT, 0.66, 0.6, 22:37:28, True
1739158648240, WIFUSDT, 0.6601, 76.5, 22:37:28, False
1739158648305, WIFUSDT, 0.6602, 74.9, 22:37:28, False
1739158648337, WIFUSDT, 0.6601, 480.6, 22:37:28, True
1739158648438, WIFUSDT, 0.6602, 129.9, 22:37:28, False
1739158648446, WIFUSDT, 0.6603, 2138.1, 22:37:28, False
1739158648525, WIFUSDT, 0.6604, 2113.4, 22:37:28, False
1739158648594, WIFUSDT, 0.6605, 1.9, 22:37:28, False
1739158648810, WIFUSDT, 0.6605, 500.2, 22:37:28, False
1739158648821, WIFUSDT, 0.6606, 1798.2, 22:37:28, False
1739158648833, WIFUSDT, 0.6607, 585.4, 22:37:28, False
1739158648858, WIFUSDT, 0.6608, 1748.1, 22:37:28, False
1739158648949, WIFUSDT, 0.6609, 950.2, 22:37:28, False
1739158648976, WIFUSDT, 0.6609, 1000.0, 22:37:28, True
1739158649010, WIFUSDT, 0.661, 3814.6, 22:37:29, False
1739158649171, WIFUSDT, 0.6609, 602.2, 22:37:29, True
1739158649184, WIFUSDT, 0.6609, 150.3, 22:37:29, False
1739158649248, WIFUSDT, 0.6608, 15.2, 22:37:29, True
1739158649290, WIFUSDT, 0.6608, 10639.5, 22:37:29, False
1739158649377, WIFUSDT, 0.6609, 1846.2, 22:37:29, False
1739158649677, WIFUSDT, 0.661, 23.2, 22:37:29, False
1739158649745, WIFUSDT, 0.661, 35.2, 22:37:29, True
1739158649752, WIFUSDT, 0.6611, 7697.3, 22:37:29, False
1739158649838, WIFUSDT, 0.6612, 80.0, 22:37:29, False
1739158649869, WIFUSDT, 0.6611, 66.0, 22:37:29, True
1739158650003, WIFUSDT, 0.6611, 214.0, 22:37:30, True
1739158650045, WIFUSDT, 0.661, 15.2, 22:37:30, True
1739158650049, WIFUSDT, 0.661, 1627.8, 22:37:30, False
1739158650207, WIFUSDT, 0.6611, 1289.0, 22:37:30, False
1739158650330, WIFUSDT, 0.661, 1885.3, 22:37:30, True
1739158650565, WIFUSDT, 0.6611, 609.8, 22:37:30, False
1739158650569, WIFUSDT, 0.6612, 3356.5, 22:37:30, False
1739158650582, WIFUSDT, 0.6613, 1685.5, 22:37:30, False
1739158650616, WIFUSDT, 0.6612, 775.5, 22:37:30, True
1739158650670, WIFUSDT, 0.6613, 86.3, 22:37:30, True
1739158650817, WIFUSDT, 0.6613, 136.1, 22:37:30, False
1739158650839, WIFUSDT, 0.6612, 554.0, 22:37:30, True
1739158651099, WIFUSDT, 0.6613, 2456.5, 22:37:31, False
1739158651115, WIFUSDT, 0.6614, 4059.7, 22:37:31, False
1739158651172, WIFUSDT, 0.6613, 42.8, 22:37:31, True
1739158651216, WIFUSDT, 0.6614, 25.0, 22:37:31, False
1739158651245, WIFUSDT, 0.6614, 5405.3, 22:37:31, True
1739158651454, WIFUSDT, 0.6613, 45.4, 22:37:31, True
1739158651515, WIFUSDT, 0.6614, 25.0, 22:37:31, False
1739158651589, WIFUSDT, 0.6615, 939.7, 22:37:31, False
1739158651637, WIFUSDT, 0.6616, 4347.2, 22:37:31, False
1739158651886, WIFUSDT, 0.6615, 15.2, 22:37:31, True
1739158651898, WIFUSDT, 0.6614, 40.2, 22:37:31, True
1739158651998, WIFUSDT, 0.6614, 166.9, 22:37:31, False
1739158652181, WIFUSDT, 0.6613, 3189.7, 22:37:32, True
1739158652463, WIFUSDT, 0.6614, 724.9, 22:37:32, False
1739158652621, WIFUSDT, 0.6614, 894.6, 22:37:32, True
1739158652655, WIFUSDT, 0.6613, 55.6, 22:37:32, True
1739158652912, WIFUSDT, 0.6612, 8.4, 22:37:32, True
1739158653077, WIFUSDT, 0.6613, 315.7, 22:37:33, False
1739158653165, WIFUSDT, 0.6614, 15.2, 22:37:33, False
1739158653171, WIFUSDT, 0.6615, 1382.8, 22:37:33, False
1739158653197, WIFUSDT, 0.6615, 627.5, 22:37:33, True
1739158653482, WIFUSDT, 0.6614, 1100.9, 22:37:33, True
1739158653492, WIFUSDT, 0.6613, 596.6, 22:37:33, True
1739158653601, WIFUSDT, 0.6612, 460.5, 22:37:33, True
1739158653735, WIFUSDT, 0.6611, 1232.2, 22:37:33, True
1739158653801, WIFUSDT, 0.661, 31240.0, 22:37:33, True
1739158653903, WIFUSDT, 0.661, 83.2, 22:37:33, False
1739158653903, WIFUSDT, 0.6611, 2621.6, 22:37:33, False
1739158653926, WIFUSDT, 0.6612, 8727.8, 22:37:33, False
1739158653994, WIFUSDT, 0.6613, 90.1, 22:37:33, False
1739158654086, WIFUSDT, 0.6612, 158.8, 22:37:34, True
1739158654171, WIFUSDT, 0.6614, 833.6, 22:37:34, False
1739158654250, WIFUSDT, 0.6615, 586.0, 22:37:34, False
1739158654281, WIFUSDT, 0.6616, 1670.5, 22:37:34, False
1739158654299, WIFUSDT, 0.6617, 80.0, 22:37:34, False
1739158654366, WIFUSDT, 0.6616, 108.0, 22:37:34, False
1739158654373, WIFUSDT, 0.6617, 2630.4, 22:37:34, False
1739158654403, WIFUSDT, 0.6618, 1962.1, 22:37:34, False
1739158654447, WIFUSDT, 0.6619, 1842.3, 22:37:34, False
1739158654485, WIFUSDT, 0.662, 1229.3, 22:37:34, False
1739158654571, WIFUSDT, 0.662, 10546.0, 22:37:34, True
1739158654685, WIFUSDT, 0.6619, 619.0, 22:37:34, True
1739158654810, WIFUSDT, 0.662, 62.2, 22:37:34, False
1739158654827, WIFUSDT, 0.6621, 2.2, 22:37:34, False
1739158655051, WIFUSDT, 0.662, 1680.1, 22:37:35, True
1739158655151, WIFUSDT, 0.6619, 1032.0, 22:37:35, True
1739158655156, WIFUSDT, 0.662, 1389.1, 22:37:35, True
1739158655317, WIFUSDT, 0.6621, 2.6, 22:37:35, False
1739158655333, WIFUSDT, 0.662, 90.4, 22:37:35, True
1739158655422, WIFUSDT, 0.6619, 15.2, 22:37:35, True
1739158655479, WIFUSDT, 0.6618, 15.2, 22:37:35, True
1739158655503, WIFUSDT, 0.6617, 27.8, 22:37:35, True
1739158655548, WIFUSDT, 0.6616, 15.2, 22:37:35, True
1739158655560, WIFUSDT, 0.6615, 1320.8, 22:37:35, True
1739158655650, WIFUSDT, 0.6614, 1000.0, 22:37:35, True
1739158655670, WIFUSDT, 0.6615, 1213.5, 22:37:35, False
1739158655749, WIFUSDT, 0.6616, 96.0, 22:37:35, False
1739158655769, WIFUSDT, 0.6615, 1130.8, 22:37:35, False
1739158655793, WIFUSDT, 0.6614, 1494.3, 22:37:35, True
1739158655796, WIFUSDT, 0.6613, 2681.0, 22:37:35, True
1739158655920, WIFUSDT, 0.6614, 530.3, 22:37:35, True
1739158655992, WIFUSDT, 0.6613, 819.8, 22:37:35, True
1739158656112, WIFUSDT, 0.6612, 1000.0, 22:37:36, True
1739158656119, WIFUSDT, 0.6612, 0.7, 22:37:36, False
1739158656585, WIFUSDT, 0.6611, 2360.6, 22:37:36, True
1739158656653, WIFUSDT, 0.661, 1380.9, 22:37:36, True
1739158656732, WIFUSDT, 0.6609, 347.9, 22:37:36, True
1739158656736, WIFUSDT, 0.6608, 198.6, 22:37:36, True
1739158656769, WIFUSDT, 0.6609, 206.6, 22:37:36, False
1739158656775, WIFUSDT, 0.661, 205.7, 22:37:36, False
1739158656776, WIFUSDT, 0.6609, 5943.7, 22:37:36, True
1739158657043, WIFUSDT, 0.6609, 1835.2, 22:37:37, False
1739158657079, WIFUSDT, 0.661, 1418.4, 22:37:37, False
1739158657153, WIFUSDT, 0.661, 402.9, 22:37:37, True
1739158657205, WIFUSDT, 0.6611, 1585.9, 22:37:37, False
1739158657255, WIFUSDT, 0.6612, 15.2, 22:37:37, False
1739158657258, WIFUSDT, 0.6612, 2393.3, 22:37:37, True
1739158657324, WIFUSDT, 0.6611, 40.2, 22:37:37, True
1739158657362, WIFUSDT, 0.6611, 227.1, 22:37:37, False
1739158657497, WIFUSDT, 0.661, 3670.8, 22:37:37, True
1739158657515, WIFUSDT, 0.6609, 900.0, 22:37:37, True
1739158657686, WIFUSDT, 0.6608, 925.9, 22:37:37, True
1739158657791, WIFUSDT, 0.6607, 506.7, 22:37:37, True
1739158657806, WIFUSDT, 0.6606, 1299.2, 22:37:37, True
1739158658057, WIFUSDT, 0.6606, 1224.4, 22:37:38, False
1739158658072, WIFUSDT, 0.6607, 784.4, 22:37:38, False
1739158658131, WIFUSDT, 0.6608, 3143.7, 22:37:38, False
1739158658159, WIFUSDT, 0.6608, 3051.0, 22:37:38, True
1739158658259, WIFUSDT, 0.6608, 4092.7, 22:37:38, False
1739158658413, WIFUSDT, 0.6609, 6.5, 22:37:38, False
1739158658419, WIFUSDT, 0.6608, 432.0, 22:37:38, True
1739158658474, WIFUSDT, 0.6608, 5.4, 22:37:38, False
1739158658492, WIFUSDT, 0.6607, 99.3, 22:37:38, True
1739158658505, WIFUSDT, 0.6606, 1014.1, 22:37:38, True
1739158658758, WIFUSDT, 0.6605, 11560.6, 22:37:38, True
1739158658767, WIFUSDT, 0.6605, 80.0, 22:37:38, False
1739158659449, WIFUSDT, 0.6606, 3524.8, 22:37:39, False
1739158659458, WIFUSDT, 0.6607, 3472.2, 22:37:39, False
1739158659473, WIFUSDT, 0.6608, 22.9, 22:37:39, False
1739158659499, WIFUSDT, 0.6606, 1115.7, 22:37:39, True
1739158659524, WIFUSDT, 0.6607, 2704.9, 22:37:39, False
1739159065817, WIFUSDT,297496361,0.6625,28531.9,1739159065663,True
1739159066209, WIFUSDT,297496366,0.6621,32274.9,1739159066204,True
1739159069886, WIFUSDT, 0.6631, 99.6, 22:44:29, True
1739159069930, WIFUSDT, 0.6632, 210.6, 22:44:29, False
1739159069933, WIFUSDT, 0.6633, 27.7, 22:44:29, False
1739159070034, WIFUSDT, 0.6634, 3144.2, 22:44:30, False
1739159070184, WIFUSDT, 0.6635, 173.0, 22:44:30, False
1739159070468, WIFUSDT, 0.6635, 6.0, 22:44:30, False
1739159070766, WIFUSDT,297496400,0.6634,39787.2,1739159070652,True
1739159070652, WIFUSDT, 0.6634, 39787.2, 22:44:30, True
1739159070764, WIFUSDT, 0.6633, 133.2, 22:44:30, True
1739159070991, WIFUSDT, 0.6633, 7.1, 22:44:30, False
1739159071017, WIFUSDT, 0.6632, 26.2, 22:44:31, True
1739159071507, WIFUSDT, 0.6633, 9.0, 22:44:31, False
1739159072348, WIFUSDT, 0.6633, 1166.6, 22:44:32, False
1739159072420, WIFUSDT, 0.6634, 2.1, 22:44:32, False
1739159072769, WIFUSDT, 0.6634, 992.7, 22:44:32, False
1739159073254, WIFUSDT, 0.6635, 43.4, 22:44:33, False
1739159073260, WIFUSDT, 0.6636, 2133.9, 22:44:33, False
1739159073659, WIFUSDT, 0.6637, 2.1, 22:44:33, False
1739159073820, WIFUSDT, 0.6637, 6.8, 22:44:33, False
1739159073930, WIFUSDT, 0.6637, 6836.5, 22:44:33, False
1739159073968, WIFUSDT, 0.6638, 40.0, 22:44:33, False
1739159073998, WIFUSDT, 0.6638, 1448.0, 22:44:33, True
1739159074471, WIFUSDT, 0.6638, 249.0, 22:44:34, True
1739159074679, WIFUSDT, 0.6638, 178.5, 22:44:34, True
1739159074682, WIFUSDT, 0.6638, 1516.5, 22:44:34, False
1739159074704, WIFUSDT, 0.6639, 133.7, 22:44:34, False
1739159074850, WIFUSDT, 0.664, 15.1, 22:44:34, False
1739159074891, WIFUSDT, 0.6641, 869.1, 22:44:34, False
1739159074950, WIFUSDT, 0.6641, 411.4, 22:44:34, True
1739159075938, WIFUSDT, 0.6641, 1870.6, 22:44:35, False
1739159075938, WIFUSDT, 0.6642, 1585.7, 22:44:35, False
1739159076147, WIFUSDT, 0.6641, 716.1, 22:44:36, True
1739159076405, WIFUSDT, 0.6642, 713.0, 22:44:36, False
1739159076768, WIFUSDT, 0.6641, 3912.8, 22:44:36, True
1739159076768, WIFUSDT, 0.664, 4638.8, 22:44:36, True
1739159077259, WIFUSDT, 0.664, 105.0, 22:44:37, True
1739159077259, WIFUSDT, 0.6639, 2231.5, 22:44:37, True
1739159077264, WIFUSDT, 0.6638, 3263.1, 22:44:37, True
1739159077436, WIFUSDT, 0.6637, 15.1, 22:44:37, True
1739159077582, WIFUSDT, 0.6636, 977.6, 22:44:37, True
1739159077687, WIFUSDT, 0.6637, 1662.6, 22:44:37, False
1739159077773, WIFUSDT, 0.6637, 2583.7, 22:44:37, True
1739159077811, WIFUSDT, 0.6638, 340.0, 22:44:37, False
1739159078130, WIFUSDT, 0.6639, 69.7, 22:44:38, False
1739159078134, WIFUSDT, 0.664, 4.0, 22:44:38, False
1739159079074, WIFUSDT, 0.664, 705.0, 22:44:39, False
1739159079091, WIFUSDT, 0.6641, 1559.6, 22:44:39, False
1739159079206, WIFUSDT, 0.6641, 32.9, 22:44:39, True
1739159079342, WIFUSDT, 0.664, 23.3, 22:44:39, True
1739159079436, WIFUSDT, 0.6639, 923.2, 22:44:39, True
1739159079590, WIFUSDT, 0.6639, 2.4, 22:44:39, False
1739159079895, WIFUSDT, 0.6638, 1136.4, 22:44:39, True
1739159079906, WIFUSDT, 0.6637, 2688.8, 22:44:39, True
1739159080209, WIFUSDT, 0.6638, 1377.7, 22:44:40, False
1739159080712, WIFUSDT, 0.6638, 493.6, 22:44:40, True
1739159080771, WIFUSDT, 0.6637, 276.0, 22:44:40, True
1739159081309, WIFUSDT, 0.6637, 211.0, 22:44:41, False
1739159081575, WIFUSDT, 0.6636, 1199.8, 22:44:41, True
1739159081697, WIFUSDT, 0.6636, 1058.9, 22:44:41, False
1739159081842, WIFUSDT, 0.6637, 390.9, 22:44:41, False
1739159082059, WIFUSDT, 0.6638, 15.1, 22:44:42, False
1739159082070, WIFUSDT, 0.6639, 5033.1, 22:44:42, False
1739159082481, WIFUSDT, 0.664, 15.1, 22:44:42, False
1739159082481, WIFUSDT, 0.6641, 2.5, 22:44:42, False
1739159082593, WIFUSDT, 0.664, 24.9, 22:44:42, True
1739159082739, WIFUSDT, 0.6639, 56.7, 22:44:42, True
1739159082782, WIFUSDT, 0.6638, 205.7, 22:44:42, True
1739159083013, WIFUSDT, 0.6638, 835.8, 22:44:43, True
1739159083439, WIFUSDT, 0.6639, 165.6, 22:44:43, False
1739159083950, WIFUSDT, 0.6639, 136.1, 22:44:43, True
1739159084182, WIFUSDT, 0.6638, 709.7, 22:44:44, True
1739159084265, WIFUSDT, 0.6637, 609.2, 22:44:44, True
1739159084480, WIFUSDT, 0.6637, 1.8, 22:44:44, False
1739159084668, WIFUSDT, 0.6636, 202.7, 22:44:44, True
1739159084783, WIFUSDT, 0.6636, 24.9, 22:44:44, False
1739159084823, WIFUSDT, 0.6637, 41.3, 22:44:44, False
1739159084826, WIFUSDT, 0.6638, 919.5, 22:44:44, False
1739159085045, WIFUSDT, 0.6637, 325.3, 22:44:45, True
1739159085272, WIFUSDT, 0.6636, 48.2, 22:44:45, True
1739159085499, WIFUSDT, 0.6636, 3.9, 22:44:45, False
1739159085597, WIFUSDT, 0.6635, 3504.3, 22:44:45, True
1739159085753, WIFUSDT, 0.6635, 80.4, 22:44:45, False
1739159085937, WIFUSDT, 0.6635, 3615.6, 22:44:45, False
1739159086108, WIFUSDT, 0.6635, 1391.8, 22:44:46, False
1739159086108, WIFUSDT, 0.6636, 282.6, 22:44:46, False
1739159086309, WIFUSDT, 0.6636, 6.1, 22:44:46, False
1739159086394, WIFUSDT, 0.6635, 132.8, 22:44:46, True
1739159086469, WIFUSDT, 0.6634, 1070.5, 22:44:46, True
1739159086476, WIFUSDT, 0.6633, 20.8, 22:44:46, True
1739159086668, WIFUSDT, 0.6633, 168.1, 22:44:46, True
1739159086758, WIFUSDT, 0.6632, 133.5, 22:44:46, True
1739159086881, WIFUSDT, 0.6633, 40.0, 22:44:46, False
1739159086881, WIFUSDT, 0.6634, 710.8, 22:44:46, False
1739159086895, WIFUSDT, 0.6633, 2082.4, 22:44:46, False
1739159086895, WIFUSDT, 0.6634, 2450.0, 22:44:46, False
1739159086982, WIFUSDT, 0.6633, 637.1, 22:44:46, True
1739159087989, WIFUSDT, 0.6632, 1666.4, 22:44:47, True
1739159088133, WIFUSDT, 0.6633, 295.0, 22:44:48, False
1739159088360, WIFUSDT, 0.6633, 658.3, 22:44:48, False
1739159088763, WIFUSDT, 0.6633, 75.4, 22:44:48, True
1739159088805, WIFUSDT, 0.6634, 5.0, 22:44:48, False
1739159088953, WIFUSDT, 0.6634, 8.0, 22:44:48, False
1739159089109, WIFUSDT, 0.6634, 828.0, 22:44:49, False
1739159089444, WIFUSDT, 0.6633, 908.0, 22:44:49, True
1739159089643, WIFUSDT, 0.6633, 39.4, 22:44:49, True
1739159090215, WIFUSDT, 0.6634, 493.7, 22:44:50, False
1739159090248, WIFUSDT, 0.6635, 1671.2, 22:44:50, False
1739159090343, WIFUSDT, 0.6636, 92.9, 22:44:50, False
1739159090444, WIFUSDT, 0.6637, 659.1, 22:44:50, False
1739159090458, WIFUSDT, 0.6638, 1806.0, 22:44:50, False
1739159090636, WIFUSDT, 0.6639, 7760.7, 22:44:50, False
1739159090685, WIFUSDT, 0.664, 973.6, 22:44:50, False
1739159091035, WIFUSDT, 0.6641, 4877.8, 22:44:51, False
1739159091144, WIFUSDT, 0.6641, 222.3, 22:44:51, True
1739159091402, WIFUSDT, 0.6641, 0.4, 22:44:51, False
1739159091553, WIFUSDT, 0.664, 23.1, 22:44:51, True
1739159091616, WIFUSDT, 0.6639, 15.1, 22:44:51, True
1739159091649, WIFUSDT, 0.6639, 5.7, 22:44:51, False
1739159091734, WIFUSDT, 0.6638, 403.8, 22:44:51, True
1739159091839, WIFUSDT, 0.6639, 0.4, 22:44:51, False
1739159091951, WIFUSDT, 0.6638, 575.3, 22:44:51, True
1739159091996, WIFUSDT, 0.6637, 1887.5, 22:44:51, True
1739159092009, WIFUSDT, 0.6636, 583.1, 22:44:52, True
1739159092139, WIFUSDT, 0.6635, 114.7, 22:44:52, True
1739159092990, WIFUSDT, 0.6635, 2252.0, 22:44:52, True
1739159093046, WIFUSDT, 0.6635, 304.2, 22:44:53, False
1739159093104, WIFUSDT, 0.6634, 172.7, 22:44:53, True
1739159093242, WIFUSDT, 0.6633, 679.7, 22:44:53, True
1739159093305, WIFUSDT, 0.6634, 80.0, 22:44:53, False
1739159093644, WIFUSDT, 0.6633, 1660.2, 22:44:53, True
1739159093822, WIFUSDT, 0.6633, 1582.5, 22:44:53, True
1739159093896, WIFUSDT, 0.6632, 205.7, 22:44:53, True
1739159094229, WIFUSDT, 0.6633, 3.5, 22:44:54, False
1739159094291, WIFUSDT, 0.6632, 604.5, 22:44:54, True
1739159094291, WIFUSDT, 0.6631, 5449.6, 22:44:54, True
1739159094291, WIFUSDT, 0.663, 1482.8, 22:44:54, True
1739159094328, WIFUSDT, 0.6632, 111.2, 22:44:54, False
1739159094356, WIFUSDT, 0.6633, 101.3, 22:44:54, False
1739159094378, WIFUSDT, 0.6633, 598.3, 22:44:54, True
1739159094414, WIFUSDT, 0.6633, 0.3, 22:44:54, False
1739159094480, WIFUSDT, 0.6632, 24.9, 22:44:54, True
1739159094549, WIFUSDT, 0.6631, 3256.3, 22:44:54, True
1739159095380, WIFUSDT, 0.6631, 2611.6, 22:44:55, False
1739159095743, WIFUSDT, 0.6633, 190.6, 22:44:55, False
1739159095814, WIFUSDT, 0.6633, 2370.2, 22:44:55, True
1739159096146, WIFUSDT, 0.6632, 56.4, 22:44:56, True
1739159096653, WIFUSDT, 0.6632, 3570.9, 22:44:56, True
1739159097187, WIFUSDT, 0.6631, 156.7, 22:44:57, True
1739159097478, WIFUSDT, 0.663, 1374.4, 22:44:57, True
1739159097718, WIFUSDT, 0.6631, 2416.5, 22:44:57, False
1739159097718, WIFUSDT, 0.6632, 297.6, 22:44:57, False
1739159098098, WIFUSDT, 0.6632, 2522.3, 22:44:58, False
1739159098453, WIFUSDT, 0.6632, 214.8, 22:44:58, True
1739159098991, WIFUSDT, 0.6633, 7197.9, 22:44:58, False
1739159099061, WIFUSDT, 0.6634, 3.5, 22:44:59, False
1739159099253, WIFUSDT, 0.6632, 961.5, 22:44:59, True
1739159099422, WIFUSDT, 0.6632, 627.8, 22:44:59, True
1739159099645, WIFUSDT, 0.6631, 6607.0, 22:44:59, True
1739159099645, WIFUSDT, 0.663, 59.0, 22:44:59, True
1739159599505, WIFUSDT,297500007,0.6588,53897.1,1739159599496,False
1739159609889, WIFUSDT,297500050,0.6586,29620.3,1739159609884,True
1739159609889, WIFUSDT,297500051,0.6585,44668.0,1739159609884,True
1739159609889, WIFUSDT,297500052,0.6584,43936.5,1739159609885,True
1739159609889, WIFUSDT,297500053,0.6583,37690.1,1739159609885,True
1739159609889, WIFUSDT,297500055,0.6581,28875.2,1739159609885,True
1739159609890, WIFUSDT,297500057,0.6579,36053.3,1739159609885,True
1739159609922, WIFUSDT,297500080,0.6578,35580.9,1739159609915,False
1739159673890, WIFUSDT,297500350,0.6549,47873.7,1739159673882,True
1739159711945, WIFUSDT,297500507,0.6546,28000.7,1739159711789,True
1739159714635, WIFUSDT,297500524,0.654,46335.7,1739159714545,True
1739159719181, WIFUSDT,297500546,0.6537,25953.4,1739159719026,True
1739159727297, WIFUSDT,297500590,0.6532,56480.2,1739159727195,True
1739159735489, WIFUSDT,297500685,0.6528,24472.8,1739159735484,False
1739159735489, WIFUSDT,297500686,0.6529,38026.4,1739159735485,False
1739159735490, WIFUSDT,297500687,0.653,37501.7,1739159735485,False
1739159736522, WIFUSDT,297500715,0.6528,29809.3,1739159736508,True
1739159742290, WIFUSDT,297500775,0.6509,29670.3,1739159742284,True
1739159773712, WIFUSDT,297500947,0.6523,25087.3,1739159773707,False
1739159773712, WIFUSDT,297500948,0.6524,33865.4,1739159773707,False
1739159773712, WIFUSDT,297500949,0.6525,37534.0,1739159773707,False
1739159773712, WIFUSDT,297500950,0.6526,46401.4,1739159773707,False
1739159781512, WIFUSDT,297501015,0.6522,24568.6,1739159781487,True
1739159809594, WIFUSDT,297501128,0.6533,23374.3,1739159809439,False
1739159854084, WIFUSDT,297501286,0.6534,31688.5,1739159853929,True
1739159996031, WIFUSDT,297501651,0.6533,34803.0,1739159996024,False
1739160002912, WIFUSDT,297501689,0.6537,27320.3,1739160002826,True
